asset_class,counterparty,instrument_id,instrument_name,trade_date_time,trade_date_time_2,price,buySellIndicator,trader
Drama,Nolan-Mueller,099615128-1,BNFT,2021-11-30,4:32,608.56,true,Sandie France
Comedy|Romance,Huels Group,272775721-2,HE,2021-12-20,17:41,627.05,true,Devonna Wife
Comedy|Drama,"Wuckert, Paucek and Rutherford",505685229-5,DWSN,2022-06-14,7:04,529.24,true,Germaine Kuhnel
Comedy|Drama,Bernier LLC,228619495-5,MRNS,2022-01-18,22:47,774.96,true,Florencia Halifax
Documentary,Corwin-Stanton,729734362-5,RMP,2021-11-25,11:47,240.84,true,Caspar Kaasman
Comedy,Kulas Group,862261291-0,NMK^B,2022-03-10,10:11,852.75,false,Osbourn Coursor
Adventure|Comedy,"Halvorson, Legros and Mertz",469273282-2,LEXEA,2021-10-11,15:38,431.66,true,Xylia Spencook
Action|Sci-Fi,"Stamm, Fritsch and Prohaska",362534002-X,BHACU,2022-02-28,15:39,404.0,true,Vasili Phoenix
Drama,Funk-Boyle,806301325-5,ARDM,2022-05-22,12:46,709.05,false,Mal McGunley
Adventure|Romance,"Kunze, Cartwright and Spinka",526078949-0,UTL,2022-03-31,17:35,214.08,false,Niko Aleksandrikin
Drama,Vandervort-Goldner,473417566-7,FNSR,2022-05-26,15:49,826.02,false,Tybi Attoe
Horror|Mystery|Thriller,"Harber, Braun and Predovic",942699414-9,MBTF,2022-06-22,17:21,636.38,false,Myrvyn Udie
Film-Noir|Horror|Thriller,"Pouros, Stamm and Beer",248158672-7,AVNW,2022-05-19,20:13,844.08,false,Margret Gouck
Drama,Wehner Inc,991091557-X,HRL,2021-08-09,11:55,665.01,false,Felizio Glasspool
Horror|Thriller,"Deckow, Cronin and Fay",325624680-X,EAT,2022-04-19,4:40,925.37,false,Jessey Amburgy
Drama|Horror|Thriller,"Gerlach, Nader and Cruickshank",298381569-2,NEO,2022-01-22,11:44,806.32,false,Alysa Atkyns
Comedy,"Kerluke, McClure and Weimann",857651752-3,PCSB,2022-05-30,11:55,412.74,false,Joby Bryns
Action|Comedy|Drama,Kris Inc,807205331-0,ACH,2022-04-07,22:01,371.65,true,Rockie Fores
Adventure|Drama|Sci-Fi,"Nader, Hagenes and Nikolaus",791303139-5,OPTT,2021-12-18,9:49,173.79,true,Donielle Luce
Comedy|Western,Schneider-McClure,820180151-2,ATNX,2021-08-11,0:47,376.23,false,Hyacinthe Walenta
Adventure|Romance|Sci-Fi,"Hayes, Bartoletti and Schneider",144661863-3,INF,2021-08-03,9:31,421.82,false,Minda Ing
Drama|Romance,"Corwin, Ledner and Schmeler",726031403-6,ANFI,2021-09-22,14:32,932.32,true,Kimbell Furber
Western,Champlin Inc,524521602-7,TWO,2022-05-15,12:57,92.95,true,Pavia Billham
Action,Altenwerth Inc,441962642-9,FNHC,2022-01-12,11:01,38.63,false,Erena Ciccottio
Crime|Drama,D'Amore-Gibson,745579753-2,CLNS^B,2022-03-09,21:33,21.09,false,Marta Warman
Documentary,Muller-Auer,348727590-2,VBLT,2021-07-05,1:06,294.13,false,Maurie Meaking
Drama,Schulist Inc,541539166-5,RFEM,2021-11-30,9:56,663.16,true,Ginger Alderson
Documentary,Batz-Wyman,829780811-4,ECYT,2021-12-26,5:31,669.85,false,Vinny Brewse
Comedy|Drama,Rau Inc,826407687-4,UBNT,2022-03-18,20:31,153.49,false,Dennis Summerfield
Action|Sci-Fi,Howell Group,385027675-9,TANNI,2022-05-27,12:53,609.23,false,Giulietta Sevior
Comedy|Musical,"Renner, Okuneva and Russel",013165284-2,USB^O,2021-11-30,7:30,267.65,true,Ranice Ghiotto
Adventure|Drama|Romance,Rogahn and Sons,047074052-3,DELT,2021-07-16,19:18,356.8,false,Gallard Ashall
Adventure|Horror|Sci-Fi,"Deckow, Stroman and Weimann",662854598-9,LYTS,2022-02-04,11:14,439.3,false,Boyce De Gregorio
Drama|Sci-Fi,Rosenbaum-Harber,167994277-8,CUBI^C,2021-09-01,8:07,640.28,true,Lorin Brabbins
Crime|Drama|Film-Noir|Thriller,"Wehner, Gerlach and Halvorson",029323323-3,NAII,2022-01-24,11:20,260.05,false,Giralda Mountain
Drama,"Donnelly, Gulgowski and Hyatt",005085268-X,PJC,2022-02-19,2:17,189.63,true,Becca Wiggington
Drama|War,Bechtelar LLC,238372801-2,IDRA,2022-06-21,10:25,454.8,false,Harp Jakubovits
Romance|Sci-Fi,"Hilll, Blick and Nikolaus",239552827-7,JPM^B,2022-03-05,15:32,140.78,false,Dara Gladstone
Drama,"Jones, Schumm and Hand",763360732-7,VTWV,2021-11-22,0:49,142.79,false,Baxy Redemile
Thriller,Price-Hermann,768639286-4,LDP,2021-08-08,0:01,508.66,true,Enrichetta Plascott
Action|Crime,Daugherty and Sons,792362231-0,PCYO,2021-07-05,14:07,301.39,false,Sauveur Glencrosche
Documentary,"McGlynn, Christiansen and Marks",496777599-3,UTF,2021-11-13,19:21,568.26,false,Cherice Hastie
Drama|Romance,Green LLC,251034019-0,GASS,2022-01-30,4:14,154.2,true,Inglebert Rykert
Action|Drama|War,Williamson-O'Kon,707417422-X,NIM,2022-01-29,21:01,451.96,false,Archibaldo Tedridge
Drama,"Bradtke, Ankunding and Heathcote",727388685-8,FDC,2021-07-23,1:56,457.29,false,Baryram Basketter
Drama,Rohan-McGlynn,796840232-8,SYNT,2022-06-03,14:51,136.92,false,Nicko McAne
Comedy,Lynch-Schamberger,653807979-2,KIM^J,2022-01-31,9:13,244.52,true,Bentlee Bartali
Drama,"Leuschke, Gulgowski and Waters",544360320-5,PGH,2021-10-31,9:24,548.44,true,Arv Kiltie
Comedy|Drama,Heidenreich LLC,891855635-7,AYR,2021-10-20,18:57,907.22,true,Ewart Dabbes
Comedy,White Inc,604963216-2,FANH,2021-10-24,4:42,356.52,true,Rainer Dossett
Comedy|Drama,"Hilpert, Nicolas and Hamill",611813411-1,CIO,2022-03-17,9:43,849.91,false,Towney Broome
Drama|Romance,Mertz-Beier,908977437-8,CCRN,2021-12-17,3:45,321.75,false,Valina Collidge
Comedy|Musical,Reilly-Hodkiewicz,349206691-7,MS^I,2022-02-02,23:30,173.2,false,Kilian Thams
Comedy|Musical,Pagac-Nolan,505654550-3,CMCM,2022-03-07,21:26,594.18,false,Ewell Toderbrugge
Action|Adventure|Sci-Fi|Thriller,Dickinson LLC,840761969-8,CIR,2022-02-16,18:14,159.73,true,Emmi Sturge
Mystery|Thriller,Moen-Dooley,202739288-2,MINDP,2022-06-22,3:34,380.51,false,Alikee Pennock
Action|Animation|Comedy|Sci-Fi|Western,Towne Group,106489529-8,INVH,2021-08-16,22:18,456.41,true,Luke Russell
Drama|Fantasy|Horror|Thriller,"Kuhlman, Jacobs and Purdy",225071537-8,RDC,2021-08-20,12:34,188.28,false,Madison Poletto
Drama|Mystery,Hauck and Sons,215148574-9,UPS,2022-05-09,23:35,24.19,true,Roda Kimbling
Drama,Rau Inc,770143165-9,AXAR,2022-03-15,14:39,439.53,false,Rosalyn Bennetto
Drama|Romance,Torp Group,668585116-3,DLB,2021-10-31,23:40,347.07,false,York Hemmingway
Comedy,"Hickle, Leffler and Hermiston",923150509-2,UCP,2021-12-16,11:27,501.23,false,Dorelia Weagener
Thriller,"Frami, Larson and Keebler",417676600-X,AGND,2022-03-04,0:49,569.75,true,Kelsi Furness
Action|Drama,Swift-White,910479152-5,SOHOB,2021-11-10,17:08,43.54,true,Therese Buckby
Documentary,Witting Inc,536050629-6,LAZ,2021-12-07,10:19,872.59,true,Marcie Ionnisian
Drama,"Hessel, Torp and Steuber",354679902-X,OFC^L.CL,2022-05-10,15:39,753.74,false,Alister Clementel
Adventure|Crime,Corwin-Bruen,787332866-X,FOX,2022-03-16,21:13,299.74,false,Kathe Costelloe
Adventure|Comedy|Sci-Fi,Carter-Douglas,914836524-6,MRNS,2022-06-26,21:32,52.56,true,Cathleen Pollastrone
Drama,Pollich and Sons,141456827-4,TCCB,2022-05-04,16:37,259.45,true,Terrance Mariette
Comedy|Drama,Herman Group,494783966-X,OXBRW,2022-02-26,17:35,55.46,false,Timmie Jedrychowski
Horror,"Konopelski, Wintheiser and Hahn",447988460-2,HIW,2022-05-18,19:11,18.01,false,Richmond Winwright
(no genres listed),Kuvalis-Bogan,205458837-7,QUIK,2021-11-01,7:50,974.73,true,Avivah Kiddell
Adventure|Animation|Comedy,Dickinson LLC,167093701-1,KLAC,2022-01-11,6:32,402.29,false,Nick McGucken
Drama|Romance,"Batz, Yost and Murphy",238215789-5,PNTR,2021-10-05,14:20,212.47,true,Joyan Ricks
Drama,Rowe Inc,566742562-9,BLVDW,2022-02-03,19:40,489.73,true,Benyamin Dehm
Drama|Romance,DuBuque Inc,692836790-3,NGLS^A,2022-05-09,22:36,343.42,true,Beryl Franzman
Comedy|Drama|Romance,Davis-Metz,807910190-6,ARCB,2021-09-18,11:11,477.64,false,Lorant Searston
Action,,393651197-7,ROG,2021-09-13,9:58,196.1,true,Garland Tumber
Drama|Sci-Fi|Western,,645867877-0,TUSA,2022-04-22,22:11,962.24,false,Donaugh Blumfield
Children|Comedy|Fantasy,"Jacobs, Koepp and Abshire",654054675-0,MCFT,2021-07-23,16:12,296.31,true,Marsiella Cawthorn
Adventure|Drama,"Haley, Murazik and Runolfsdottir",843759267-4,TGS,2021-12-13,11:11,645.12,true,Rafe Petraitis
Crime|Mystery|Thriller,Hoppe-Grady,692937019-3,DHG,2021-10-27,18:18,256.85,false,Rafa Eastbury
Comedy|Documentary|Romance,"Nitzsche, Gulgowski and Kuhlman",671340247-X,PFPT,2021-10-28,12:36,682.7,false,Tarrah Kisbey
Comedy|Crime|Drama|Thriller,Ruecker and Sons,276538043-0,VBFC,2021-12-03,9:39,211.2,true,Mattie Cymper
Comedy,Roob Inc,368966355-5,SIGM,2022-06-17,14:11,948.32,false,Drugi Vockins
Drama,"Gutmann, Hills and Kreiger",095582791-4,ELS,2022-02-06,7:24,184.73,false,Stuart Caris
Animation|Children,"Hermiston, Stokes and Jacobs",995296506-0,RESI,2021-11-04,17:13,975.14,false,Gerald Clyma
Western,Feeney-Muller,508844629-2,OAS,2021-11-25,11:52,264.34,true,Anthia Pool
Drama|Fantasy|Romance,"Ratke, O'Keefe and Hansen",128095644-5,ESES,2021-10-23,1:03,230.99,true,Hillary Clara
Action|Adventure|Drama|Fantasy|IMAX,"Wolf, Boyle and Jaskolski",637223646-X,RUBI,2022-03-03,8:09,306.16,false,Jabez Lamerton
Comedy,Morar-Considine,669589381-0,ADRO,2022-06-27,8:38,988.22,true,Erica Batecok
Action|Adventure|Fantasy,Dicki and Sons,608952187-6,ONTX,2021-07-09,20:46,904.36,false,Janean Crossgrove
Drama,Kertzmann-Hyatt,369573490-6,STAG^B,2021-07-18,21:59,982.27,true,Ernestine Woodfin
Crime|Drama,McDermott LLC,501360175-4,TRNC,2022-04-24,6:51,182.2,true,Pam Chark
Documentary,Grant LLC,828326820-1,TIF,2022-01-26,4:32,540.69,true,Kirby Whatford
Action|Mystery|Thriller,"Shields, Goodwin and Howe",308166748-8,KRNY,2022-03-10,12:24,874.12,true,Wald Blackaby
Drama,,211055041-4,PIZ,2022-04-21,6:32,973.8,true,Royal Jaycocks
Adventure|Comedy,MacGyver Inc,563226436-X,GPAC,2022-01-23,10:43,90.82,false,Hamnet Teck
Drama,Greenfelder-Pouros,725695337-2,SPGI,2021-08-05,20:25,659.14,true,Claribel Scranedge
Comedy,"Cormier, O'Hara and Olson",133801190-1,GPX,2021-10-25,9:54,800.48,true,Malvin Chaston
Drama|War,Lebsack Group,455999283-5,DSLV,2022-01-14,5:58,328.0,false,Thornie Guppey
Action|Animation,"Haley, Schaefer and Lueilwitz",923446496-6,SRC,2022-06-17,2:11,66.81,false,Newton Leah
Drama|Romance,Rice and Sons,826619470-X,EMF,2022-05-08,2:08,904.08,true,Burr McMeekin
Horror,Cassin Group,899658447-9,WCN,2022-02-17,17:22,824.29,false,Ambros Tratton
Drama,Balistreri Inc,618577191-8,NX,2021-09-25,2:57,377.51,true,Leonanie Musterd
Adventure|Drama,Gleason-Block,027234165-7,KLXI,2021-08-02,11:11,618.91,false,Vivie Bysouth
Horror,,330903549-2,ESGU,2021-11-12,13:53,749.1,true,Chet Wisedale
Crime|Drama|Thriller,,026730357-2,AGNC,2022-02-10,11:24,530.62,false,Kirstyn D'Aeth
Drama,Labadie-Welch,725617459-4,TGLS,2022-06-07,16:43,90.58,false,Cyrillus Darnbrook
Action|Sci-Fi,,189359374-6,VNQI,2022-04-28,12:19,964.54,false,Fanni Aldus
Comedy,"Paucek, Mann and Bednar",246915390-5,QRVO,2022-01-07,21:26,479.33,false,Cari Ciccone
Drama|Fantasy|Horror|Mystery|Thriller,Abernathy-Kris,213247317-X,LDRI,2021-09-16,13:10,408.69,true,Cassondra Streat
Documentary,Roberts-Lowe,967737137-1,BK^C,2022-05-02,23:25,271.64,false,Phillis Capon
Crime|Drama|Fantasy,Rau-Bogan,371576331-0,TRUP,2022-04-05,12:21,234.12,true,Sharity Devons
Drama,,687269604-4,KONE,2022-02-04,4:57,51.54,false,Ursala Ramelet
Drama|Musical,Windler LLC,042194960-0,CIGI,2021-08-20,11:25,119.43,false,Meade Kivlehan
Mystery,Barrows-Fay,993018652-2,HIFR,2022-01-13,1:23,788.11,false,Fawne Benedicto
Action|Crime|Thriller,Miller Inc,813836419-X,YTEN,2022-03-11,20:10,684.82,true,Jasmine Schaffel
Comedy|Drama|Romance,Boehm-Berge,589250700-9,ATKR,2021-07-31,2:34,750.66,true,Gusti Hadingham
Comedy,Torp-Shanahan,003220526-0,CPE^A,2022-01-03,23:07,958.86,true,Cathi Noar
Action,Morissette-Denesik,536707496-0,KRG,2022-01-26,21:04,250.46,false,Florance Fontaine
Horror,"Doyle, Hyatt and Olson",674465741-0,KIM^I,2021-10-15,7:33,233.78,false,Lira Palfrey
Drama|Romance,Crooks LLC,025838050-0,CSS,2021-07-20,15:46,661.28,false,Byrann Cayette
Crime|Drama|Mystery,Ritchie Group,336545863-8,PSA^Z,2021-12-16,0:56,847.59,false,Rancell Ison
Drama,Quigley-Windler,532627326-8,DELT,2022-02-02,18:35,61.35,true,Jo ann Kays
Comedy,Emmerich and Sons,551050978-3,TMUS,2021-08-21,2:31,826.98,true,Humberto Hollyman
Comedy|Romance,,139380962-6,MMLP,2021-11-05,20:13,772.62,true,Gertruda Rookledge
Documentary,"Feeney, Deckow and Schamberger",817054931-0,MPC,2022-03-16,11:12,370.81,false,Shea Treuge
Comedy,"Rempel, Schmeler and Roob",055143016-8,FRAN,2022-06-22,5:01,368.61,true,Gary Begwell
Drama|Romance,Gutkowski and Sons,591034096-4,ACTA,2021-12-06,20:54,313.84,true,Margot Danilin
Comedy|Romance,"Schmeler, Skiles and Powlowski",071432760-3,GGG,2021-11-13,0:03,152.91,false,Rozalin Smitheman
Comedy,Morar-Prohaska,074985627-0,PMM,2021-12-02,9:24,94.43,true,Catlee Thorneloe
Adventure|Children|Comedy|Fantasy,"Bradtke, Gleichner and Treutel",322863375-6,QCOM,2021-12-09,20:27,149.15,true,Dorine Izen
Adventure,West-Luettgen,889431818-4,BEDU,2022-04-06,16:48,706.73,false,Coraline Almeida
Comedy,"Keeling, Dach and Rempel",075321027-4,FALN,2021-09-08,3:41,693.08,true,Dudley Amoore
Drama|Western,"Deckow, Larson and Kessler",447900274-X,AZN,2022-01-17,3:57,105.46,false,Anna-diane Sancroft
Animation|Children|Fantasy,"Flatley, Hoeger and Collier",725534181-0,WBT,2021-12-23,7:33,467.1,false,Natalina Jessep
Animation|Children,,940046978-0,LAD,2021-07-06,14:38,332.43,true,Katharine McGuire
Drama|War,Pacocha-Spencer,189287745-7,MIXT,2021-11-23,22:21,701.25,true,Diego Mousdall
Documentary,"Feeney, Nikolaus and Kreiger",354545659-5,CWT,2022-02-19,17:09,288.64,true,Worthy Curedale
Comedy,Torphy Inc,521906217-4,STAG,2021-09-04,19:47,688.12,false,Shane Wagon
Comedy,"Weissnat, Pollich and Abernathy",167714725-3,EMR,2021-10-26,12:19,524.34,true,Janeta Tewkesberrie
Drama|War,"Gleichner, Cormier and Frami",494748910-3,RLJ,2021-10-04,23:29,775.31,true,Celestia Stocken
Action|War,Stehr-Mueller,154214279-2,CFCO,2022-02-07,5:44,275.93,false,Renelle Gludor
Horror|Thriller,Klein-Balistreri,897992283-3,PRCP,2021-11-19,4:37,804.04,true,Winn Hopfer
Drama,Lebsack Group,040720989-1,TEAR,2022-02-10,3:24,199.34,false,Crissy Blezard
Comedy|Drama,,511862531-9,MAGS,2021-11-14,18:41,177.42,true,Kellen Dixey
Crime|Drama,Corkery-Schmidt,822356999-X,PIY,2021-07-19,1:41,72.73,true,Fancie Banaszczyk
Adventure|Drama|Romance,Mueller-Langosh,746497009-8,FF,2022-04-08,2:03,657.36,true,Avery Peniman
Comedy|Drama,"Raynor, Kuphal and Mante",205787920-8,WPT,2021-08-28,23:48,591.29,true,Freemon Hulburt
Comedy,Sanford Group,645850395-4,SILC,2022-05-30,18:57,12.82,true,Alla Sendall
Animation|Children|Fantasy,Larkin Inc,535628841-7,FNJN,2022-06-06,8:13,196.36,false,Kaile Lukes
Comedy|Drama,Legros-Ortiz,863478343-X,TCBIW,2021-12-24,6:56,364.56,true,Maud Lytle
Crime|Drama|Mystery|Thriller,King Group,682258722-5,LMFA,2021-08-29,9:19,31.72,false,Brod Stoney
Drama|Romance,,567677076-7,BLBD,2022-05-29,23:15,879.33,false,Galen Coward
Documentary,"Stamm, Mills and Gleason",467614470-9,HSTM,2021-11-19,19:51,893.35,true,Dalt Garlic
Action|Drama,"Harris, Kovacek and Witting",690048386-0,BAK,2022-06-28,18:25,124.26,true,Christel Faraday
Animation|Fantasy|Musical|Sci-Fi,,269669776-0,VLT,2022-02-14,13:53,30.52,false,Billy Pollok
Action,Kemmer-Lynch,579274297-9,GGP,2021-07-24,17:54,764.15,true,Pamelina Entwisle
Comedy,McLaughlin-Berge,572861739-5,CUBI,2022-06-02,19:06,158.3,true,Rana Dahlen
Comedy|Drama,Kozey and Sons,862516631-8,RAI,2021-12-01,2:02,244.78,true,Webb Cressingham
Drama,Jacobson Group,570549369-X,CFFI,2022-05-16,17:00,371.18,false,Inger Klejna
Drama,"Gulgowski, Luettgen and King",523958377-3,HPF,2021-08-17,18:31,929.1,false,Elladine Lundbech
Drama,"Considine, Mayer and Stanton",024575284-6,OACQW,2022-01-26,0:59,729.42,true,Konrad Ager
Mystery,Sipes and Sons,684758851-9,NORD,2021-08-17,8:26,214.61,true,Winifred Crinkley
Comedy,"Hansen, Lockman and Leuschke",162814487-4,NXC,2021-11-29,13:15,826.99,true,Zondra Peacocke
Comedy,,862055461-1,WAGE,2022-06-20,11:05,898.12,false,Alick Patty
Drama,"Swift, Stracke and Reilly",023564710-1,NEE^R,2021-12-20,18:32,736.37,true,Brandais Broz
Crime|Drama|Romance,Medhurst Group,906519433-9,AXS,2022-04-12,16:00,878.85,false,Una Goracci
Comedy|Drama|Romance,Wuckert LLC,747299171-6,ESLT,2021-08-31,9:01,944.38,true,Ole Scothern
Comedy|Crime,Wunsch-Pfannerstill,051818401-3,HMSY,2021-08-19,23:24,57.98,true,Pauly Lamp
Drama,Emmerich-Gislason,570254721-7,MIK,2021-10-21,18:28,349.94,false,Torey Vanyatin
Drama|Romance,Spencer-Dicki,044241034-4,CNSL,2022-06-02,3:30,353.06,false,Jeff Willatt
Crime|Drama,Kulas-Schowalter,228477149-1,SLM,2022-04-04,17:44,89.87,false,Gaby Unwins
Drama,"Feeney, Mueller and Jaskolski",424181973-7,PSEC,2022-02-09,17:59,829.15,false,Vanda Ioannou
Action|Drama,"Lind, Weimann and Ledner",159754845-6,CNIT,2021-09-13,3:16,482.94,false,Katya Goward
Drama,West-Conroy,571383578-2,TDY,2022-02-24,21:46,283.34,false,Dud Kos
Horror,"Moen, Runte and Medhurst",399535351-7,S,2021-09-16,15:07,603.07,true,Colman Thackham
Thriller,McDermott-Sanford,725724968-7,HDS,2021-12-21,5:33,151.37,true,Ashil Collier
Horror|Thriller,"Tillman, Bode and Donnelly",843457217-6,QIWI,2022-02-24,8:58,331.54,true,Miguel Crannell
Thriller,Lemke Group,153380696-9,PPG,2021-12-29,3:16,351.54,true,Gabbie Laurence
Crime|Drama,"Schultz, Nienow and Mertz",154739051-4,TRVG,2021-11-15,17:23,695.69,true,Jonathan Nend
Adventure|Drama,"Kshlerin, Hyatt and Wilderman",470248941-0,USPH,2022-01-08,20:38,995.17,false,Legra Skaid
Drama,Prosacco LLC,251589071-7,TYPE,2022-06-29,5:43,697.93,true,Dido Ickov
Drama,"Koss, Parker and Lind",815323936-8,LMBS,2021-10-31,4:54,570.43,true,Sigismundo Whitely
Action|Crime,"Boehm, Bechtelar and Blanda",993144691-9,NYMTO,2021-12-24,0:57,707.82,true,Emmalee Rappa
Film-Noir,"Jakubowski, Larkin and Monahan",159893287-X,PLNT,2021-08-03,1:44,561.37,false,Rozella Fluger
Comedy|Horror,Steuber-Rutherford,200519557-X,ECHO,2021-08-26,7:15,433.17,false,Sully Laroux
Drama,"Purdy, Ritchie and Murazik",998510956-2,SOL,2022-03-19,20:43,563.39,true,Gerhardt Hurran
Drama,Prosacco LLC,105320066-8,WFC^J,2021-10-18,11:59,970.85,false,Gaby Mourant
Children|Drama,Rath-Stroman,058306308-X,HLS,2022-06-10,8:52,450.2,false,Gregg Mathen
Animation|Children|Musical,Littel-Fritsch,712498497-1,LNCE,2021-09-04,17:59,765.56,true,Donna Carnall
Comedy|Drama,Gusikowski-Hintz,566793878-2,PNR,2022-01-15,10:35,674.06,false,Gilda Woodrooffe
Comedy|Drama,"Zboncak, Turner and Kerluke",301758369-4,SDRL,2021-08-19,5:26,167.72,false,Hirsch Penn
Drama,McGlynn-Botsford,635509687-6,USA,2021-09-22,1:55,833.85,false,Bryant Willis
Adventure,"Satterfield, Macejkovic and Nicolas",057317541-1,NEE^R,2022-01-01,10:07,28.55,true,Marielle Sultana
Thriller,Smitham Group,231967452-7,TRMK,2021-07-15,17:15,424.56,true,Zora Shade
Drama|Musical|Romance|War,Waters-Christiansen,350148190-X,BKD,2022-06-01,2:53,122.4,true,Byrann Bawme
Adventure|Animation|Children,"Bogisich, Kerluke and Hilll",645170997-2,TWO^A,2022-04-02,22:17,322.94,true,Kelley Tomaini
Action|Drama,Wiza LLC,742460872-X,SEIC,2021-08-29,6:58,180.05,false,Joyan Garford
Comedy,Leuschke Inc,226324999-0,NYMTO,2022-02-03,6:54,954.0,true,Meryl Galiford
Drama|Fantasy,Kessler-Upton,276848174-2,HBM.WS,2022-06-07,15:49,241.75,true,Bebe Tummasutti
Film-Noir|Mystery,Tremblay-Feil,391384912-2,EMCI,2022-03-30,21:20,513.83,false,Meg Palk
Adventure|Drama|War,O'Connell LLC,889053846-5,OCLR,2021-12-02,19:51,740.35,true,Morrie Hartmann
Drama,Roberts-Kreiger,788415884-1,BFO,2022-06-26,17:28,123.17,true,Rollo Bloomfield
Action|Adventure|Drama|War,"Wintheiser, Herzog and Mayert",710010133-6,TREC,2021-09-17,12:51,897.03,false,Geno Cudbertson
Drama,,210503575-2,EGOV,2022-06-12,3:15,218.07,true,Dayna Boone
Comedy|Sci-Fi,Weissnat Inc,932495041-X,SPWH,2021-08-03,21:19,828.68,true,Kira Stucksbury
Comedy|Drama,O'Hara Inc,890911691-9,STE,2021-07-04,17:17,491.44,true,Marillin Rubinek
Drama,"Feil, Stehr and Bednar",635887113-7,RYAM^A,2022-05-24,23:50,254.14,true,Lissa Giraudy
Comedy,Rempel-Aufderhar,642863550-X,ASA,2022-05-07,5:56,507.08,false,Almeta Dearlove
Drama,"Schiller, Veum and Nader",897021967-6,ASFI,2022-04-01,13:49,198.25,true,Oralie Kaspar
Action|Adventure|Animation,Pfeffer-Franecki,841508338-6,GOGL,2022-01-14,20:33,275.26,true,Otes Wattinham
Comedy|Drama,Shields-Yundt,620351631-7,GNC,2021-10-09,3:30,58.19,true,Ava Shapcott
Adventure|Animation|Comedy,Stark LLC,702484263-6,CHW,2021-07-22,1:48,14.08,false,Rakel Diboll
Documentary,Roob and Sons,937197359-5,PKD,2021-07-22,0:09,28.87,true,Ron Shearston
Horror,"Streich, Lockman and Schiller",884306195-X,AAWW,2022-05-11,12:00,539.78,true,Marylee Bowler
Drama,,749556668-X,IGF,2022-05-05,8:44,953.47,true,Karissa Wreakes
Action|Adventure|Drama|Sci-Fi,Schamberger and Sons,944175127-8,MOXC,2022-04-12,9:38,385.34,true,Quinta Airds
Action|Adventure|Horror|Thriller,"Farrell, Sipes and Dicki",971311596-1,HLIT,2021-10-26,9:19,887.94,true,Jacquenetta Milington
Drama,"Erdman, Herman and Ratke",019931556-6,BOKF,2021-08-28,1:31,259.72,true,Dulcinea Abelson
Comedy,Leannon LLC,984506854-5,UCP,2021-08-31,18:59,579.62,false,Marie-ann Meredyth
Sci-Fi|Thriller,"DuBuque, Hintz and Kling",120475381-4,D,2021-09-11,18:36,99.93,false,Jaquenette Jenoure
Action|Drama|War,"Howe, Breitenberg and Veum",943375138-8,BLVDW,2022-01-22,15:26,204.4,true,Joel Dexter
Drama,"Shanahan, Cartwright and Ward",590560503-3,OLP,2022-04-30,15:34,771.52,true,Boigie Marvell
Comedy|Musical,Raynor LLC,516096839-3,MATW,2022-04-30,5:16,170.12,true,Waverley Laite
Animation|Children,Ankunding Group,473799312-3,BOBE,2021-07-11,9:01,803.12,true,Winslow Mowsley
Action|Adventure|Animation|Children,Hahn-Kub,162411585-3,MBFI,2021-07-10,3:37,370.56,true,Pauly Onion
Comedy|Drama,"Smith, Mosciski and Ward",183342417-4,AXAS,2021-12-16,12:49,344.15,true,Fitz Tolcher
Action|Comedy|Sci-Fi,"Schoen, Cremin and Emmerich",184530448-9,FENG,2022-04-22,23:43,384.96,false,Darb Tomicki
Comedy,"Quigley, Dickinson and Kassulke",619873229-0,EGY,2022-03-16,13:21,455.82,true,Benedikt Wise
Horror|Thriller,Harris and Sons,654332844-4,LDF,2021-08-26,19:40,397.23,false,Doug Dibben
Children,Bins Group,360971436-0,DEST,2022-06-14,7:29,656.12,false,Roderick Hesser
Crime|Film-Noir|Horror|Romance|Thriller,"Willms, Price and Keeling",385967223-1,BURL,2022-06-09,6:41,114.26,true,Kennett Losty
Thriller,McGlynn-Thompson,933993634-5,OFG,2021-09-22,15:21,745.27,false,Pete Laible
Drama|Thriller,Hilll-Kuphal,425704815-8,PII,2022-04-18,1:46,79.87,true,Dee Bezley
Drama,Hartmann and Sons,608360963-1,APWC,2022-07-02,13:39,590.32,true,Geraldine Durtnel
Comedy|Drama|Horror,"McCullough, Bradtke and Hammes",475331450-2,PID,2021-09-10,16:18,937.97,true,Sonnie Varndall
Comedy|Romance,O'Keefe-Hane,343606881-0,INWK,2022-01-10,6:01,151.7,false,Vitia Imison
Drama|Romance,"Carroll, Walker and Medhurst",951712947-5,JMBA,2021-08-04,14:47,272.26,true,Keelby Rubinsaft
Comedy|Documentary,Aufderhar LLC,701639358-5,MDLX,2021-11-26,18:14,187.47,false,Nigel Gibbonson
Crime|Drama|Mystery,Hermiston and Sons,828803207-9,TERP,2021-12-30,13:26,908.76,true,Geno Hadrill
Children|Comedy|Mystery,"Kuvalis, Leuschke and King",564026865-4,MLI,2022-05-21,14:28,256.85,false,Haslett Benbow
Adventure|Children,Nienow Group,310473201-9,DSU,2021-09-17,17:22,212.07,false,Annecorinne Robertet
Crime|Drama,Sipes-Goodwin,671703287-1,SMTX,2021-12-07,13:45,250.07,false,Riobard McShee
Horror|Thriller,Russel and Sons,760616846-6,ABY,2022-05-14,9:29,68.52,true,Lari Abbotson
Comedy,Okuneva-Grimes,470977804-3,BNSO,2021-11-21,0:24,663.51,false,Cort Hearon
Comedy|Drama,O'Kon LLC,402417458-4,RGCO,2021-07-08,20:09,699.86,true,Elonore Spinage
Comedy|Drama,Mueller and Sons,755605194-3,CZNC,2022-06-05,1:11,853.55,false,Ogden Plank
Drama,Ernser and Sons,741664483-6,INSM,2021-12-06,7:22,331.84,true,Tailor Romaines
Comedy,"Dicki, Kuphal and Kshlerin",196942383-8,DYSL,2021-10-04,16:48,692.62,true,Burgess Farebrother
Comedy|Romance,"Shanahan, Koelpin and Grant",117592407-5,CBMXW,2021-10-17,12:37,439.46,false,Nixie Colenutt
Adventure|Children,Ruecker-Spencer,788832566-1,FMS,2022-02-07,9:24,325.61,false,Claudia Llewhellin
Drama|Horror|Mystery|Thriller,"Hyatt, Considine and Hirthe",982531608-X,HFBL,2022-04-02,4:48,256.38,true,Cassaundra Maciunas
Comedy|Musical|Romance,Schulist Group,319015569-0,PCK,2022-05-30,15:42,410.42,false,Timothy Lett
Drama|Mystery|Thriller,Wunsch-Bernier,420024505-1,EOT,2022-05-13,12:16,103.95,true,Ewen Firpo
Crime|Drama|Film-Noir,"Hagenes, Schoen and Dare",014805493-5,ROSEU,2021-12-04,18:26,691.81,false,Nye Clewett
Action|Drama|Sci-Fi|Thriller,"Kessler, Ferry and Quigley",852481739-9,GKOS,2021-11-09,18:16,606.04,false,Kenna Streeten
Crime|Drama,Mueller Inc,047064853-8,OAK,2022-05-21,22:12,619.86,true,Zechariah Camp
Documentary,Rohan-Rohan,336111443-8,WSBC,2022-04-12,14:45,161.98,false,Orion Carwithen
Adventure|Animation|Children|Fantasy|Musical|Romance,Stamm-Stroman,013368866-6,VNO^G,2022-01-19,9:54,667.78,true,Ezri Piddle
Comedy|Horror,O'Hara LLC,949323170-4,DRE,2021-08-27,10:37,138.71,true,Mathe Atty
Comedy|Sci-Fi|Thriller,,490123883-3,TPX,2022-06-30,6:47,107.87,true,Estrella O'Corrin
Horror|Thriller,Nikolaus-Schmeler,949744575-X,ABBV,2022-06-08,19:23,299.96,false,Lizabeth Tomkin
Comedy|Drama,Goldner LLC,892784123-9,BK^C,2022-01-09,23:23,926.25,false,Ozzie Law
Comedy|Drama|Romance,"Goodwin, Satterfield and Rice",855006666-4,JLL,2022-03-27,0:04,981.83,false,Eleanora Bernath
Action|Comedy|Crime|Thriller,Schaden-Renner,820282655-1,CSPI,2022-03-10,21:57,744.57,false,Rosamond Brinkman
Comedy|Drama|Romance,Dietrich-Williamson,605619592-9,RYAM^A,2022-07-02,5:57,473.91,true,Arly Winchester
Action|Comedy|Drama,Koss Inc,658919131-X,CLNT,2022-03-05,6:08,615.03,true,Gladys MacKilroe
Documentary,"Collier, Ruecker and Mosciski",084794771-8,AKAO,2022-04-16,2:04,68.92,true,Trudey Gurys
Mystery|Sci-Fi|Thriller,Luettgen Inc,593671772-0,AIB,2022-07-01,3:54,797.6,true,Phillis Lanston
Drama|War,Murphy-Pacocha,632633269-9,NTNX,2021-12-25,11:22,379.13,false,Chrysa Halfacre
Drama,"Torphy, Rohan and Little",237184446-2,SB^D,2022-04-18,10:57,703.31,true,Haleigh Pochet
Horror|Thriller,"Pfeffer, Schaefer and Windler",792904965-5,WLB,2022-03-17,17:32,29.35,false,Carlin Loram
Documentary,"Considine, Harber and MacGyver",357013240-4,SKYW,2021-07-07,22:30,532.73,false,Quint Creany
Drama|War,Smith and Sons,288162141-4,BEN,2022-06-18,14:18,873.59,false,Egon Swate
Documentary|Musical,"Hauck, Hickle and Dooley",445593559-2,CIB,2022-01-30,4:24,370.99,false,Archibald O'Lenechan
Comedy|Drama|Romance,"Carroll, Ondricka and Marquardt",986194853-8,RATE,2021-07-21,18:54,974.15,true,Ulric Trumpeter
Drama|Romance,"Brekke, Kunde and Howe",099345000-8,SCZ,2022-02-26,8:29,328.93,false,Aluino Rawsen
Documentary,Greenfelder Group,189190094-3,UFS,2021-07-07,19:26,169.54,true,Mycah Blesing
Crime|Drama|Film-Noir|Mystery,Huels-Anderson,760172437-9,APEI,2022-05-15,2:53,676.07,false,Peirce Wabe
Drama,"Beer, Parker and Bergnaum",650137283-6,TNP^E,2022-05-05,16:34,710.95,false,Selestina Sherry
Action|Thriller,"Denesik, Brakus and Bernhard",571562917-9,AI^B,2022-06-03,13:57,110.0,true,Reade M'Quhan
Drama|Romance,Cormier-Kihn,375816436-2,TTMI,2021-07-07,16:32,352.89,false,Abey Longfellow
Drama|Romance,Emard-Greenholt,337905678-2,KMDA,2022-04-10,6:55,229.02,false,Tabbi Charlson
Action|Adventure|Comedy|Crime,McLaughlin LLC,315206586-8,UTHR,2022-05-03,0:45,947.71,false,Lara Bolduc
Adventure|Animation|Children|Drama,,694826831-5,STAR^G,2022-04-06,13:28,664.09,true,Teodoro Deeth
Animation|Children,Kutch-Williamson,406094607-9,CSML,2022-01-01,20:45,728.6,true,Brod Mc Carrick
Comedy|Drama,,058638259-3,RAS,2022-02-11,18:35,436.83,false,Goldina Weale
Children|Fantasy,O'Reilly-Monahan,886908703-4,AGNCB,2022-06-04,17:40,111.79,false,Olimpia Tarrier
Action|Drama|Thriller,Hyatt-Paucek,142347670-0,SRC,2022-02-27,23:38,462.03,false,Ferd Schimpke
Documentary,,162088257-4,HAS,2021-07-21,8:31,173.88,true,Alayne Prestland
Documentary,"Kris, Pfeffer and Lemke",887004775-X,YEXT,2022-06-17,18:28,164.93,true,Elysia Yanin
Drama,"Conn, Hodkiewicz and Goyette",071396569-X,PPHM,2022-02-10,15:34,334.6,false,Reggie Gaspard
Action|Drama,Murphy and Sons,893774731-6,FCAP,2022-02-21,7:44,34.14,false,Madelin Muress
Drama,Rowe-Gleichner,801425256-X,STAR^D,2021-08-25,11:56,549.31,false,Karmen Hatherill
Drama|Romance|War,"Friesen, Halvorson and Lockman",542027332-2,TESO,2021-09-26,10:18,730.59,false,Shay Baldelli
Documentary,"Weissnat, Rempel and Kub",004881240-4,CGNX,2022-02-22,9:31,347.8,false,Lorant Doughtery
Drama|Fantasy,Senger-Wisozk,483471288-5,CCJ,2022-03-02,6:19,494.97,false,Maurine Dullard
Drama|Sci-Fi|Thriller,"Herman, Bosco and Schimmel",490887994-X,MUI,2022-04-09,1:31,438.75,true,Collie Charer
Horror|Thriller,Herman LLC,382072097-9,LUB,2022-04-03,9:17,629.43,false,Torrance Elloit
Animation|Fantasy|Mystery,Wehner Group,410138850-4,AAN,2022-02-06,1:47,148.88,true,Cristie Gillbe
Documentary,Douglas Group,152227153-8,DTUL,2022-02-23,20:15,223.45,true,Lev Pittle
Comedy,Cruickshank-Daugherty,893055795-3,EXPO,2022-04-19,16:51,119.55,true,Fern Skeates
Comedy,McDermott-Haag,666720937-4,CXP,2022-04-13,0:29,929.22,true,Kristofer Freeman
Horror,"Christiansen, Bogisich and Morar",916020052-9,ELLI,2021-07-15,21:10,305.53,true,Rodney Swash
Drama,Schultz-Balistreri,726691488-4,HUBG,2021-11-26,16:29,801.63,true,Markos Doig
Adventure|Sci-Fi,"Beer, Kutch and Dach",344723435-0,PSCF,2021-07-31,16:08,384.24,false,Willy Bruyett
Comedy|Musical|Romance,Fisher LLC,602192956-X,BW,2021-09-30,8:07,61.96,true,Ransell Gibbett
Action|Sci-Fi,"Fahey, Ondricka and Shanahan",358400402-0,MER^K,2022-02-17,3:45,771.45,true,Briney Hullyer
Comedy|Romance,"McGlynn, Lindgren and Collier",563355965-7,SMRT,2022-01-26,5:00,64.0,true,Barbee Hair
Action|Drama,Hegmann and Sons,437069357-8,AIG,2021-12-03,0:38,648.96,false,Madel Cheesman
Crime|Mystery,Kris LLC,820943683-X,RUSHA,2022-02-24,20:01,725.28,true,Kevin McGuinley
Comedy|Western,"Hauck, Oberbrunner and Beer",005530038-3,YUMC,2021-07-10,1:53,611.04,false,Francisca Bolin
Comedy|Drama|Romance,Rohan-Bernhard,559952310-1,TACT,2022-04-01,23:39,289.37,false,Arney Shevlan
Animation,"Kihn, Kuhlman and Cremin",307389703-8,NGHCN,2022-04-23,20:26,539.01,false,Fredelia de Quesne
Drama,Kub Group,712567006-7,VNET,2022-04-18,5:40,396.49,false,Ashien Mc Curlye
Action|Drama,"Reichert, Klein and Armstrong",002723367-7,FOX,2021-12-12,0:53,152.92,false,Biddie Duffett
Documentary,Gorczany LLC,863455472-4,IMNP          ,2022-01-07,2:01,808.77,false,Rodolfo Randerson
Comedy|Romance,Cremin-Schmitt,297495117-1,AMMA,2022-03-26,18:43,597.11,true,Trace Needham
Comedy,White Group,908167276-2,JKI,2022-04-09,23:07,947.64,false,Adriena Archell
Comedy|Crime,"Feil, Koelpin and Hagenes",807853847-2,ENT,2022-04-01,16:16,459.01,false,Turner Giacomi
Crime|Thriller,"Lehner, Renner and Armstrong",184377791-6,HIG.WS,2021-09-12,3:50,587.3,false,Cinderella Lucus
Drama,Kilback Group,276184554-4,HSEB,2021-11-26,2:13,485.95,false,Benny Milleton
Drama,Kozey-Renner,625426124-3,FJP,2022-01-16,17:05,357.12,true,Perle McLarty
Action,Runolfsson-Koepp,097121809-9,LEE,2021-12-31,4:03,259.84,true,Ennis Ranscombe
Comedy|Romance,Herzog LLC,295143746-3,RAVE,2021-11-30,4:34,686.78,true,Oralie Loosemore
Drama,Grant and Sons,054711561-X,NEA,2021-07-21,16:13,331.93,false,Cher Wardingly
Adventure|Children|Fantasy,"Mraz, Schaden and Zboncak",993969474-1,MOG.A,2022-06-11,9:43,150.97,false,Adolpho Lunt
Documentary|Musical,"Borer, Cormier and Strosin",244013487-2,FTEK,2021-09-27,11:35,658.39,false,Avery Kmieciak
Animation,Hamill-Greenholt,487647551-2,ISD,2022-06-24,11:18,628.68,true,Anderson Friedman
Action|Comedy|Crime|Thriller,"Muller, Powlowski and Watsica",765462222-8,TST,2021-09-18,12:51,274.15,true,Ivett Hoodspeth
Drama|Mystery|Thriller,"Doyle, Gulgowski and Stracke",135268652-X,CXH,2021-07-16,8:52,222.08,false,Nixie Wegman
Documentary,Rodriguez-Wehner,371273894-3,LFVN,2022-02-14,6:04,635.28,false,Rupert Duerden
Comedy|Sci-Fi,Fisher-Pfeffer,625282428-3,SNPS,2022-04-17,11:40,455.66,false,Conroy Lancastle
Drama,Hettinger Inc,207766712-5,RHT,2022-02-17,7:29,898.45,true,Court Leatham
Crime|Drama,"VonRueden, D'Amore and Collins",245124224-8,NH,2021-07-03,19:12,658.96,false,Emmott Taylo
Documentary,Haag LLC,241845333-2,ARGS,2021-09-05,5:03,565.24,true,Jaye Jorgesen
Drama|Mystery,"Wisoky, Abshire and Parisian",973469188-0,TNP,2021-12-26,12:32,663.15,false,Stavro Risen
Action|Adventure|Drama|War,"Ritchie, McCullough and Oberbrunner",550170242-8,CUBI^D,2022-06-04,17:19,788.59,true,Trixie Cocking
Drama,,459616697-8,PPBI,2021-12-01,16:40,948.27,true,Ronda Caban
Comedy|Drama,Rohan Inc,336800456-5,EFII,2022-02-22,13:09,56.17,false,Gratia Eilers
Action|Adventure|Western,"Turner, Bernier and Jast",254297749-6,CGBD,2021-08-03,7:18,984.66,true,Marigold Roman
Drama|Horror,"Lesch, Collier and Morar",013709958-4,HVBC,2022-03-29,22:29,659.56,true,Farris Hyrons
Horror|Thriller,Rice-Wuckert,165204730-1,WMLP,2022-06-08,14:34,243.62,true,Gwenni Hazelgrove
Drama|Sci-Fi|Thriller,Krajcik LLC,779180307-0,OTIC,2021-09-12,22:22,823.95,true,Faye Tremoille
Documentary,"Price, Nikolaus and Rempel",150692957-5,CS,2022-04-27,4:18,771.45,false,Joy Burgen
Children|Comedy|Sci-Fi,Braun-Marvin,263600961-2,GTS,2022-02-16,19:30,121.07,false,Melania Cowndley
Horror|Mystery|Thriller,Wisozk Inc,772641998-9,IRTC,2021-10-07,15:22,830.86,false,Margit Bott
Comedy|Drama,Block Group,141793342-9,GGM,2021-08-23,15:42,370.34,false,Brock Pitman
Horror|Thriller,Kulas-Maggio,863467570-X,TSLF,2021-12-04,13:14,385.41,true,Esra Dumbare
Adventure|Drama|Fantasy,Bruen LLC,946602146-X,SVVC,2021-08-25,3:12,327.19,false,Tommie Gillino
Documentary,Mohr Group,702936932-7,EAGLU,2021-09-03,19:22,121.15,false,Keely Muschette
Romance|Western,"Mitchell, Koch and O'Keefe",413781902-5,PICO,2021-12-20,3:54,453.38,false,Adolph Busch
Documentary,Lueilwitz-Trantow,059352644-9,ZB^G,2021-12-22,16:29,520.51,true,Zenia Duthy
Drama|War,Anderson Group,102134509-1,STPP,2021-10-11,17:04,459.73,false,Lurette Baines
(no genres listed),"Mayer, Emard and Fritsch",057043750-4,FNX,2022-03-24,16:00,920.42,true,Edmund McCully
Sci-Fi|Thriller,Anderson LLC,026352320-9,SFR,2021-10-24,17:38,326.05,true,Louis Gwilt
Documentary,Murphy-Beahan,937249368-6,SLD,2021-11-29,20:17,626.92,true,Hurleigh Rannald
Crime|Drama|Film-Noir,Reinger-Corwin,243461563-5,EVG,2022-03-17,7:14,619.83,false,Westbrooke Inston
Action|Adventure|Comedy|Crime|Fantasy,Wehner and Sons,333525150-4,VONE,2021-10-23,18:43,627.25,false,Minnie Spears
Documentary,"Bins, Dickinson and Hayes",792484936-X,MYOS,2022-02-17,7:24,241.82,false,Alisa Dissman
Drama,Greenholt-McCullough,359364131-3,HZN,2022-04-09,0:13,357.76,true,Trumaine Keniwell
Drama,McLaughlin Group,563648408-9,EVAR,2022-03-12,9:48,551.63,true,Stirling Cianelli
Comedy|Drama,"Jenkins, Schuppe and Osinski",784095608-4,SHOP,2021-12-21,6:06,742.85,true,Elena Bannard
Drama,Huels-Simonis,547950954-3,KTOS,2021-09-19,19:37,869.0,true,Cathrin Haglinton
Crime,"Konopelski, Hickle and Harris",459719951-9,GS^I,2022-01-24,2:54,274.18,true,Ossie Bleby
Comedy|Drama,Konopelski-Jaskolski,221108279-3,TCBIL,2021-12-27,17:35,916.39,false,Sheila Potbury
Drama|Romance,Gerhold Group,055101820-8,CRSP,2021-07-07,14:57,65.36,false,Clair Whelband
Action|Thriller,"Schmitt, Kemmer and Ondricka",103607312-2,SUPN,2021-11-11,4:53,738.93,true,Venus Hardisty
Drama,Cummings-Schuppe,463297826-4,VIVE,2021-10-06,0:45,489.07,false,Cart Fletcher
Drama,Mertz-Cole,557387127-7,WRB^C,2022-01-28,20:29,823.35,true,Erhard Baxstair
Documentary,"Bins, Bins and McDermott",093130324-9,BLL,2022-01-26,3:11,234.91,false,Laurette Banasevich
Fantasy|Horror|Sci-Fi,"Conn, Donnelly and Pfeffer",531472486-3,BLBD,2021-09-07,4:55,770.07,true,Anna Viggers
Action|Drama,Tillman-Schulist,901134603-3,ALV,2021-10-25,19:53,486.74,false,Burk Shervil
Sci-Fi,Hammes and Sons,289076467-2,COLL,2021-12-14,14:44,611.09,false,Lanna Frail
Comedy|Romance,Erdman-Dicki,271198175-4,CDNA,2022-04-07,3:45,775.99,false,Fifi Badwick
Drama,Schmidt-Huels,454080029-9,CRTN,2021-09-01,21:30,18.13,true,Jenica Dulson
Comedy|Fantasy,"Kessler, Zieme and Ruecker",391722063-6,RELY,2022-02-01,2:15,761.18,true,Reiko Obbard
Action|Children|Comedy|Romance,Turner-Jenkins,898209181-5,TA,2022-04-08,20:59,771.55,true,Englebert Dunne
Action|Comedy,Borer-Treutel,369432087-3,GNC,2022-06-29,18:30,207.34,true,Gregorius Blaksland
Action|Adventure|Crime|Drama,Blick Inc,983650055-3,CASS,2022-01-02,21:38,235.62,false,Harrison Wille
Drama,Fay-McGlynn,065792952-2,CLAC,2022-06-07,15:15,449.36,true,Pietra Gainfort
Drama|Thriller,Miller-Kling,224976585-5,AES^C.CL,2021-10-16,19:36,462.94,true,Gabriell McRinn
Horror|Mystery|Thriller,Simonis-Nikolaus,372208408-3,JPI,2021-12-25,21:11,417.97,true,Courtnay Kausche
Comedy,Thompson and Sons,235516426-6,SCE^F,2021-10-21,5:08,851.46,false,Gothart Regenhardt
Drama|Horror|Thriller,Jerde-McDermott,488780639-6,TSLF,2022-01-28,9:05,391.31,false,Gabi Dummer
Drama,Ankunding Inc,117876199-1,ROSEW,2022-01-27,11:29,888.42,true,Rina Gresty
Drama|Romance,Shields and Sons,039652716-7,WGL,2021-09-04,10:10,957.77,false,Giana Springthorpe
Musical|Romance,Romaguera-Schamberger,649186968-7,GWPH,2021-11-09,4:50,162.18,true,Michelle Sweetmore
Adventure|Comedy|Western,"Okuneva, Armstrong and Denesik",349434832-4,FWRD,2021-08-29,7:29,515.33,false,Cristin Laudham
Children|Comedy|Romance|Sci-Fi,Prosacco Group,502680826-3,ULTI,2021-09-18,22:45,286.39,false,Noach Younger
Comedy|Drama,Mills Inc,934607800-6,LDL,2022-05-20,20:35,904.71,false,Juanita Knightsbridge
Action|Thriller,Hartmann-Price,881667922-0,FRAN,2021-11-01,6:16,194.53,false,Neala Jickells
Action|Drama|Thriller,"Haley, Harvey and Jaskolski",106936599-8,ESBK,2022-01-01,22:14,329.27,true,Kassandra Bernardet
Drama,Kshlerin-Lesch,360717519-5,FWONK,2022-05-19,5:21,727.3,false,Thibaut Weitzel
Documentary|War,Rosenbaum-Rogahn,920436083-6,HES^A,2021-07-06,6:50,925.26,false,Anna Valentin
Action|Comedy|Romance|Thriller,Bechtelar-Durgan,561149676-8,HIMX,2021-11-23,22:46,319.94,false,Cullie Le feaver
Drama,Russel-Bergstrom,022981226-0,SCHW^D,2021-07-18,13:54,759.53,false,Mauricio Garland
Comedy,Schiller-Gaylord,749653175-8,PKO,2021-08-13,17:10,957.83,true,Jackie Knightsbridge
Comedy|Drama,Schroeder Group,301324298-1,VALE,2021-11-08,23:33,169.02,true,Ezekiel Burkwood
Crime|Drama|Film-Noir,,370268077-2,BOFI,2022-01-04,21:20,478.77,true,Lindon Kunz
Action|Adventure|Horror|Sci-Fi,Nikolaus Inc,046964486-9,MSCC,2022-03-04,1:27,921.91,true,Cheri Wilcocks
Documentary|War,"Casper, Fadel and Von",830297341-6,SYF,2022-06-17,2:09,358.76,true,Ruby Josifovitz
Adventure|Drama|Mystery|Thriller,"Beatty, Ondricka and Ruecker",579831809-5,CRDS,2021-11-30,12:12,227.71,false,Whit Wakley
Drama,"Torphy, Barton and Hoeger",928700114-6,CTY,2022-01-09,8:23,438.4,true,Hansiain Dowling
Drama|War,Hessel LLC,651451936-9,MCS,2022-03-23,9:18,990.14,false,Ninette Kaveney
Action|Crime|Drama|Thriller,Dietrich-Graham,020583558-9,NTRS,2022-06-16,23:22,325.2,false,Atalanta Ommanney
Documentary,Corwin-Koch,452467465-9,BDX,2022-04-17,9:47,494.85,false,Nils Eddies
Comedy,Bahringer Inc,226050191-5,CWH,2022-01-19,12:08,657.44,true,Mart Lounds
Action|Fantasy,Schiller and Sons,294662957-0,DTE,2022-02-09,15:09,616.35,false,Chrissy Bearsmore
Comedy|Drama,Schmeler LLC,501550462-4,WMT,2022-04-19,21:05,654.89,true,Janeczka Meade
Action|Crime|Drama|Thriller,Senger-Bernhard,380445126-8,MTLS,2022-03-20,16:07,537.71,true,Lynea Medforth
Action|Crime|Drama,"Orn, Morar and Breitenberg",914897955-4,WFC.WS,2021-09-16,5:01,982.27,false,Alf Lowndesbrough
Action|Drama,"Lemke, Block and Douglas",064492777-1,CMRE,2021-07-20,3:08,169.81,true,Pavel Devine
Crime|Film-Noir|Horror|Romance|Thriller,"Pfeffer, Marks and Rath",270185549-7,STAG,2021-12-30,17:40,165.67,false,Portie Divell
Comedy|Drama|Musical,"Quitzon, Morar and Russel",113786105-3,PAAC,2021-10-23,4:33,104.73,false,Matthieu Carillo
Animation|Comedy|Drama,Stiedemann-Gorczany,502403509-7,GJR,2021-10-18,23:58,74.58,false,Mersey Shuttlewood
Action|Comedy|Crime|Drama|Thriller,Considine LLC,747454909-3,SNGXW,2022-04-17,2:40,935.88,false,Shane Greenier
Drama|Fantasy,"D'Amore, Douglas and Hodkiewicz",780185603-1,RBA,2022-01-12,8:06,558.44,true,Kirby Barthelet
Action|Comedy,"Luettgen, Schimmel and Hessel",002881345-6,AFST,2022-03-27,4:00,733.44,true,Nadia Camamill
Documentary,"Ankunding, Moen and Mayert",891222157-4,PIR,2022-06-13,17:52,655.38,true,Sunny Loutheane
Drama,"Durgan, Doyle and Prohaska",452520670-5,ICCH,2021-07-30,3:08,807.98,true,Olly Jakubowsky
Comedy,"Mann, Aufderhar and Marks",386515721-1,THR,2021-09-01,4:31,236.68,false,Ravi Moysey
Action|Romance|Western,Bins Group,455102425-2,PNC,2021-10-02,10:25,82.14,true,Tammie Roj
Documentary|War,Metz and Sons,815767213-9,KMM,2022-02-13,15:14,655.25,true,Hubie Ranking
Thriller,Cronin Inc,962388371-4,WSO.B,2022-03-17,22:59,46.81,true,Lauralee Nibley
Drama|War,Leffler and Sons,179600443-X,AAWW,2022-03-24,16:33,43.91,true,Nefen Beverstock
Horror|Mystery|Thriller,Sporer and Sons,371870069-7,PM,2022-03-26,4:41,692.99,true,Sibyl Seyffert
Horror,Murray Inc,442286974-4,GROW,2021-07-27,22:34,882.43,true,Jackie Bolesma
Action|Adventure|Animation|Children|Comedy,Douglas-Prohaska,537471664-6,AON,2022-06-13,15:09,793.72,false,Glen Ghiriardelli
Drama|Musical,Watsica-Beer,867128006-3,AAV,2021-07-08,22:59,873.45,true,Tomi Dakin
Documentary,"Murazik, Johnson and Rosenbaum",161092574-2,HR,2022-02-03,8:37,529.07,false,Byran Groven
Comedy|Drama,"Wisozk, O'Reilly and Zboncak",303651201-2,LXFR,2021-08-15,21:41,179.13,true,Mano Gilyatt
Animation|Children,"Morissette, Keebler and DuBuque",223955617-X,UZB,2022-01-30,7:17,857.37,false,Eugenio Chace
Comedy,"Kuhic, Auer and Price",637267942-6,POOL,2021-12-23,1:39,591.73,false,Benoite Shand
Children|Drama,Koelpin-Turner,437886892-X,NAKD,2022-01-26,16:46,700.14,true,Giffy Sheaber
Crime|Drama|Thriller,Johns Group,038118582-6,FJP,2021-07-25,7:56,986.64,false,Denny McPhelim
Comedy,Skiles-Connelly,325702719-2,KTCC,2021-11-17,0:20,38.74,false,Farlee Truswell
Comedy|Drama,Swift-Goyette,554561548-2,NTEC,2022-03-24,21:19,483.88,true,Corry Jenson
Drama|Thriller,Conn and Sons,382756905-2,SKX,2021-07-19,7:23,789.55,false,Grantham Pottberry
Drama|Film-Noir|Mystery,,548984783-2,SNV,2021-09-16,21:38,425.21,false,Ava Dumberrill
Drama,Armstrong and Sons,406775186-9,VFC,2022-04-12,2:24,553.51,true,Sheena Reardon
Horror|Mystery,"Thompson, Olson and Lind",639670466-8,JSYNR,2022-06-10,9:13,487.09,false,Berenice Strognell
Documentary|Drama|War,Johnston Inc,109938710-8,EQM,2022-05-17,7:24,170.94,false,Marna Takle
Horror|Sci-Fi,Ziemann-Dare,492850313-9,BOKF,2021-09-20,15:49,347.81,true,Lilith Levington
Action|Adventure|Animation|Sci-Fi,"Luettgen, Heller and Schaden",836743171-5,PSA^Z,2021-11-24,3:44,794.77,true,Adham Gimert
Documentary|Sci-Fi,Bruen-Kerluke,346292119-3,MCA,2022-02-26,11:12,925.26,true,Kariotta Pocke
Western,Hermiston LLC,199316403-0,EYES,2022-04-13,2:37,329.75,true,Pierre Boote
Documentary,Hammes Inc,327256610-4,VSLR,2022-01-30,11:54,298.91,false,Cletis Izzat
Drama,Botsford Inc,657149143-5,FALN,2021-12-21,2:06,706.83,true,Harmonia Binnell
Comedy|Drama,Bernier-Dietrich,522835791-2,FTSL,2022-01-14,0:49,961.14,false,Manuel Bachman
Drama,Keeling LLC,104509702-0,VTRB,2022-04-04,22:46,86.31,false,Bret Franzel
Crime|Drama|Thriller,Gaylord-Jones,461394373-6,RUN,2022-05-04,10:35,533.83,false,Cloe Perllman
Comedy|Drama|Romance,Sauer-Hackett,319364272-X,AAC,2022-03-06,17:41,318.22,true,Lacy Yarrow
Documentary,Shields and Sons,638868333-9,TITN,2022-02-07,22:50,507.83,true,Celina Hegge
Adventure|War,,055287788-3,C^K,2021-12-13,14:07,740.89,true,Christa Bake
Action|Crime|Drama|Mystery|Thriller,,437529144-3,CYHHZ,2021-07-19,10:13,543.33,false,Josee Bidewell
Comedy|Drama|Fantasy|Romance,Steuber Group,386283402-6,UPL,2022-04-25,9:15,982.08,true,Rois Scranny
Comedy|Drama,Metz and Sons,974633606-1,APEN,2022-03-14,12:39,788.15,false,Jany Hargitt
Comedy,"West, Dickens and Morissette",810422369-0,EGIF,2022-06-08,20:59,778.62,false,Maynard Virgin
Comedy|Drama,Mante-Kub,560427266-3,PBCTP,2021-11-23,18:48,36.33,false,Tanner Mearns
Drama|Thriller,"Bogan, Kemmer and Will",209899374-9,MCX,2022-04-10,22:56,892.92,true,Brunhilde Rubinowicz
Action|Drama,Bartell-Stanton,999971985-6,JHS,2021-12-29,18:29,245.24,true,Debbi Dulinty
Drama,Wolf Group,426016824-X,ALR^B,2022-03-14,9:58,114.1,false,Moina Freake
Drama,Gutkowski Group,848685792-9,RMP,2022-07-02,11:03,312.47,false,Carmelia Devennie
Documentary,"Funk, Kirlin and Okuneva",496102655-7,CYHHZ,2021-08-05,3:19,116.33,true,Merrili Furmage
Drama,Pouros Group,951453410-7,ALTY,2022-06-21,23:37,358.87,false,Matt Kettley
Drama,"Flatley, MacGyver and Kiehn",692425503-5,VMBS,2021-10-24,17:04,348.18,false,Ramona Junes
Documentary,Homenick-Bernier,632567374-3,MGA,2022-03-03,23:46,581.33,false,Norbert Cowans
Comedy,Rohan-Stiedemann,398270701-3,ABX,2021-07-21,0:28,186.06,true,Shell Beneix
Crime|Drama|Mystery,Wilderman Group,638969645-0,STAY,2022-01-29,22:36,279.76,true,Carolyne Remon
Drama|Mystery,Kulas Inc,204102872-6,STLD,2021-07-07,10:24,440.19,true,Jemie Josland
Crime|Drama|Romance,"Roberts, Stanton and McKenzie",443705034-7,HEI.A,2022-05-11,20:26,242.89,true,Anjanette Gofton
Adventure|Sci-Fi,"Schowalter, Jast and Satterfield",569889256-3,UDR,2021-11-27,15:51,557.87,false,Adela Cossins
Comedy,Towne-Spinka,176074648-7,SIGI,2022-04-17,22:32,218.98,true,Yvon Bentson
Comedy|Musical|Romance,"Jast, Carter and Nikolaus",056445662-4,TEGP,2021-12-16,3:50,510.29,true,Emery McAtamney
Comedy|Mystery|Sci-Fi,Batz LLC,943641451-X,PVAC,2022-05-26,16:19,17.3,true,Currey Leupoldt
Documentary,Rolfson-Monahan,843288869-9,KRO,2021-12-31,0:54,484.27,false,Wally Pratley
Action|Fantasy|Sci-Fi|Thriller,Emmerich Group,817801953-1,OMI,2022-04-11,18:40,984.18,false,Quentin Marfell
Drama,,750764622-X,ALDR,2022-05-31,3:01,284.41,true,Roxine Castillon
Documentary,Rolfson-Considine,762607753-9,DPZ,2022-06-07,21:13,701.09,true,Vicky Skurray
Comedy|Drama,Erdman-Parisian,425640801-0,UCP,2022-05-02,20:44,270.97,false,Celle Bacon
Comedy,Ernser-Raynor,092971267-6,OTTR,2022-06-21,20:07,557.32,false,Octavius Kinze
Action|Drama,,670441897-0,NVGS,2021-09-22,23:58,175.88,false,Mirelle Millington
Documentary,Cole-Mills,265978415-9,GJV,2021-08-21,0:21,977.19,true,Pepe Corney
Documentary,"Kertzmann, Rogahn and Johnston",464148999-8,CNQ,2021-10-19,5:10,211.46,true,Kyrstin Tarrant
Animation|Romance,"Brakus, Ortiz and Koelpin",142752007-0,NHI,2021-11-28,16:30,672.86,false,Solly Haxley
Horror|Sci-Fi|Thriller,"VonRueden, Nader and Skiles",173933004-8,MTR,2021-11-24,16:49,621.48,true,Doll Burbridge
Documentary,,550733178-2,VLRX,2021-10-19,15:09,420.65,false,Linet Norkutt
Comedy|Musical,Runolfsson-McClure,059800193-X,JMM,2022-05-14,1:19,506.8,true,Diane ffrench Beytagh
Comedy|Musical,"Runte, Parisian and Nolan",889891814-3,XEC,2022-03-13,18:30,443.3,false,Sianna Gellert
Horror|Sci-Fi|Thriller,"Tremblay, Will and Rolfson",663813193-1,SGY,2022-04-02,12:52,144.6,true,Markos Gallo
Adventure|Animation|Children|Drama|Fantasy,Muller LLC,858139975-4,SAM,2022-06-24,16:48,948.33,true,Yorgos Maryman
Drama,Mante Inc,018505301-7,CERN,2022-04-02,13:41,326.91,true,Dannie Gawn
Comedy,McDermott-Runolfsson,272292302-5,FELP,2022-06-20,17:16,63.48,true,Binnie Vakhrushev
Western,"Stiedemann, Abernathy and Herman",847006520-3,PLNT,2021-11-24,6:07,978.09,false,Costanza Hiskey
Drama|Romance,Cartwright Inc,083139267-3,GLOG^A,2021-12-03,12:41,388.7,false,Helena Keay
Comedy|Drama,Beatty-Casper,394241608-5,STRT,2022-03-28,3:01,402.98,true,Cordie Bettles
Comedy,Jacobs-Beahan,427179547-X,ANTX,2022-02-28,14:29,383.7,false,Marcy Adamovitz
Comedy|Drama,Murazik LLC,120152065-7,RRD,2021-11-05,1:15,882.21,false,Wakefield Gehrtz
Crime|Drama,"Daniel, Blanda and Keebler",875740169-1,VSM,2022-02-22,3:50,28.71,true,Prudi Ronan
Horror|Mystery|Thriller,Wilderman Group,941062874-1,FISV,2021-09-15,16:26,664.68,true,Dunn Britt
Adventure|Children|Drama,,600979057-3,ACV,2022-01-31,21:17,97.11,true,Nelli Wharby
Documentary,"Considine, Emard and Haley",945520915-2,GROW,2022-01-19,1:18,146.64,true,Allison Bennoe
Children|Drama,"Brown, Purdy and Bosco",477392045-9,TNP^D,2021-09-05,2:39,179.53,false,Issi Fines
Documentary,,273600036-6,SWNC,2021-12-23,16:36,301.54,true,Kendre Whitfeld
Drama|Mystery|Thriller,Keeling Group,972828760-7,MGRC,2022-04-16,18:23,330.0,false,Chere Pietri
Comedy|Fantasy|Musical,"Aufderhar, Hessel and Huels",305395401-X,FBZ,2021-11-21,11:01,538.43,true,Jareb Sitford
Fantasy|Horror|Mystery|Romance,"Hirthe, Schaefer and Adams",708869424-7,ETO,2021-09-07,22:44,129.93,false,Pepita Kirby
Drama,Kerluke LLC,235970000-6,EPZM,2021-09-26,9:59,253.74,false,Quill Maffezzoli
Drama,"Cremin, Wolf and Wiza",142728806-2,ZPIN,2022-06-13,15:56,66.5,false,Julee Peirazzi
Action|Crime|Thriller,Hilll and Sons,891161261-8,MAA,2022-04-22,15:28,888.32,false,Merralee Goodlife
Comedy|Documentary|Drama|Romance,,131643231-9,CUBI^F,2022-01-09,23:40,266.18,false,Patricio Pollen
Drama,"Osinski, King and Ullrich",577824371-5,CAT,2021-12-10,9:31,488.6,false,Wallis New
Documentary|War,Hagenes Inc,424824723-2,LUK,2022-02-04,23:26,341.96,true,Berkeley Pavolillo
Comedy|Romance,"Blanda, Davis and Howe",115314894-3,OXBR,2022-03-19,8:08,481.79,true,Grover Phlippsen
Documentary,Torp Inc,302109248-9,VONG,2021-09-16,3:39,242.43,false,Gaylene Faragher
Crime|Drama|Romance,Carter and Sons,569895924-2,GLBL,2022-03-29,0:44,297.02,true,Edithe Lassen
Romance|Thriller,Dietrich and Sons,408682233-4,CHMI,2022-03-10,6:44,303.9,true,Frederico Ducker
Drama|Film-Noir|Romance|Thriller,"Aufderhar, Flatley and Emard",102995094-6,NOV,2022-02-05,4:35,748.64,false,Toddy Draper
Action|Sci-Fi|IMAX,Stiedemann-Kuhn,190824212-4,HIG.WS,2021-11-25,20:48,902.8,true,Roseline Dumke
Documentary,"Cassin, Streich and Mante",270874819-X,WCC,2021-12-07,5:26,381.5,false,Randy Ellens
Drama|War,Predovic and Sons,877688849-5,MEOH,2021-08-03,12:48,762.98,true,Daria Ivancevic
Comedy|Romance,Flatley LLC,166620920-1,GPE^A,2021-11-29,23:20,95.27,false,Shawna Atger
Crime|Drama|Romance|Thriller,"Carter, Lebsack and Balistreri",642718124-6,TANH,2022-01-22,14:27,51.65,false,Claiborn Bront
Drama,Graham Inc,219242912-6,ADHD,2022-01-20,23:14,824.51,false,Filbert Slipper
Drama,"Rempel, Dicki and Zboncak",764566959-4,AME,2022-05-17,22:56,238.89,true,Otho Jeaneau
Action|Adventure|Fantasy,"Connelly, Watsica and Bednar",238026566-6,AUY,2022-05-01,21:00,386.67,false,Carleen Lilburn
Documentary,Hegmann-Morissette,450494952-0,UIHC,2021-09-20,17:06,421.1,false,Elsinore Costock
Comedy|Drama,Schuppe-Adams,442004850-6,CID,2022-01-02,20:57,650.77,false,Raimund Treadgear
Drama,"Stark, Mayert and Rolfson",668437180-X,GZT,2022-03-17,17:55,606.66,false,Bart Watters
Horror|Thriller,"Cummings, Corkery and Volkman",721726188-0,MIC,2022-05-18,23:25,404.01,false,Hatti Klimowski
Drama,Greenfelder Group,364664801-5,CADC,2021-11-05,7:11,351.16,false,Dawna Alenin
Comedy,Stehr and Sons,136180228-6,VNET,2022-04-05,8:09,12.93,false,Sari Fasset
Drama|Mystery|Thriller,"Champlin, Ferry and Hane",462054962-2,RNET,2021-09-07,11:41,589.01,true,Chelsea Espinha
(no genres listed),,116267634-5,NYNY,2022-01-31,16:03,911.57,true,Kevina Jepperson
Mystery|Sci-Fi|Thriller,Moore Inc,636705051-5,ARRY,2022-04-13,0:41,472.09,false,Dorolice Cakes
Adventure|Animation|Children|Comedy|Fantasy,"Breitenberg, Ziemann and Homenick",456694976-1,BNJ,2022-04-24,10:10,539.62,true,Nichole Kryszka
Comedy|Horror,"Mertz, Bartell and MacGyver",591052701-0,SHOP,2022-03-07,13:45,582.83,true,Magdalena Hurll
Drama,Wiegand Inc,788209792-6,ECCB,2021-08-27,20:35,366.05,true,Pierrette Heaphy
Action|Crime|Drama|Thriller,"Beahan, Pacocha and Quigley",725684518-9,MUH,2022-03-26,6:41,777.52,false,Matti Gwillyam
Crime|Drama,Lemke Group,687612772-9,TGS,2021-10-27,10:07,809.39,false,Hadleigh O'Keenan
Horror|Sci-Fi,Gaylord-Mills,148529961-6,CLRBZ,2021-12-19,0:34,500.08,true,George O'Corrane
Drama,"Corwin, Sawayn and Murphy",197857992-6,CAA,2022-06-23,14:50,31.07,true,Karee Hentze
Action|Crime|Drama,O'Kon LLC,769640408-3,AMBA,2022-03-09,15:39,782.47,true,Milzie Meads
Animation|Sci-Fi,Kautzer Group,818217433-3,STC,2022-07-02,6:11,463.24,true,Toby Rex
Comedy|Drama,"Corkery, Kshlerin and Hermann",451089723-5,TCBI,2021-12-27,17:44,252.88,false,Perla Barbera
Drama,"Reichel, Bashirian and Kassulke",902303778-2,AGNC,2021-09-10,21:37,247.18,false,Rhett Chapellow
Drama,Fritsch-West,683583471-4,EVGBC,2022-03-22,1:52,519.5,true,Noelani Arundell
Drama,Rath Group,885740117-0,MTB^,2021-07-03,9:16,348.87,false,Robby Offner
Comedy|Drama,"Orn, Watsica and Bogan",826526413-5,JEQ,2022-05-09,2:20,16.38,false,Rolfe Rhelton
Drama|Romance,Kiehn and Sons,123840503-7,LAYN,2022-04-30,23:58,894.64,false,Leopold Godbehere
Action,Thompson Inc,257879047-7,CLRBZ,2022-03-05,12:24,657.97,true,Claudia Hammersley
Drama|Romance,Krajcik Inc,875146205-2,LRAD,2021-07-16,14:49,53.87,true,Arlen D'eye
Action|War,Hilll-Dare,017314048-3,INTL,2022-04-19,1:41,310.46,true,Uriel Brafferton
Animation|Sci-Fi,,387496674-7,DYN.WS,2022-07-02,13:03,129.38,false,Francisco Mapp
Horror|Thriller,Turner LLC,552788655-0,CBB,2021-10-03,0:32,737.75,false,Son Leeman
Adventure|Drama|Western,"Nader, Huels and Dicki",604474166-4,NEE^R,2021-11-01,1:22,403.85,true,Karmen Ladson
Adventure|Comedy|Sci-Fi,O'Keefe and Sons,955963268-X,LOPE,2022-05-09,1:17,205.92,true,Othella Racher
Adventure|Romance,"Turcotte, West and Gulgowski",558190446-4,BT,2022-01-12,21:33,68.4,false,Goldina Gotch
Action|Drama|War,"Dare, Robel and Schaefer",103231932-1,CLSN,2021-11-25,23:49,237.59,false,Nappie Andresen
Drama,Osinski Group,910268934-0,BXC,2021-08-23,20:35,98.1,false,Chris Krook
Romance,"Feest, Raynor and Zulauf",332050809-1,NWLI,2022-05-25,17:58,682.51,true,Corabel Ferrini
Drama,Raynor Group,007068399-9,SCHW^D,2021-12-27,3:30,214.4,false,Alfonso Booley
Comedy,Schimmel-Okuneva,813076864-X,MITT^A,2022-06-14,23:21,555.76,false,Dillie Nuschke
Adventure|Children,Schamberger-Williamson,438069323-6,EACQ,2021-08-13,15:28,149.59,true,Riki Measham
Action|Comedy,"Bernier, Hermann and Jerde",567226383-6,ELECW,2022-05-06,21:08,313.93,true,Arv Beddingham
Drama,Prosacco-Macejkovic,822378911-6,ADI,2021-11-16,0:44,387.01,false,Dasya Simonou
Action|Romance|War|Western,,343612248-3,CTBI,2021-09-05,4:39,581.54,true,Glyn Samsonsen
Action|Thriller,Pacocha Inc,312979149-3,DGICA,2021-11-22,8:12,237.11,false,Kaleena Hartle
Crime|Drama|Mystery,"Kovacek, Sanford and Stiedemann",432643399-X,SALT,2022-03-18,15:20,562.74,true,Constantia Fitchen
Adventure|Drama|Romance,"Flatley, Schiller and Pagac",354719205-6,MBT,2021-11-16,3:15,242.43,false,Joachim Rains
Romance,Ryan-Raynor,480302026-4,IRCP,2021-08-21,12:07,726.97,true,Betteann Rennels
Drama|Romance,"Dach, Wiza and Welch",163420307-0,TAX,2022-02-15,7:56,14.02,true,Regine Danielot
Comedy,Crist and Sons,562945564-8,DSU,2022-03-07,15:25,727.61,false,Dom O'Sullivan
Comedy,"Greenfelder, Labadie and Ankunding",882879562-X,MMDMW,2022-02-04,22:18,48.82,true,Arda Keel
Documentary,Rutherford LLC,293677681-3,TSLX,2021-08-24,23:12,714.27,true,Kanya Jonuzi
Comedy|Fantasy,"Kuhlman, Schaden and Adams",529080446-3,SAN^B,2021-07-22,3:54,184.28,true,Dido Sweetman
Action|Horror|Sci-Fi|Thriller,,421590280-0,DB,2021-09-16,4:39,626.14,false,Koressa Tevelov
Children|Drama,"Stoltenberg, Denesik and Bartoletti",594685714-2,WB,2021-07-08,13:01,110.2,true,Inna Ell
Comedy|Musical,"Willms, Mosciski and Osinski",207036624-3,SRNE,2022-06-11,6:06,430.41,true,Rhona Tiner
Comedy|Drama|Sci-Fi,Cruickshank-Lebsack,589205454-3,WSTC,2021-08-09,21:17,483.02,false,Blair Baudesson
Action|Horror,Nikolaus-Schowalter,346877906-2,AAPL,2021-11-23,15:43,999.29,false,Dion Limming
Drama,Steuber Group,023679038-2,SPNS,2021-07-26,22:09,403.42,true,Ayn Shadfourth
Drama,Jones-Ward,197405722-4,MLNX,2022-02-18,1:15,93.11,true,Arley Dymock
Drama,Ernser-Torp,222926258-0,CABO,2022-01-26,8:49,696.37,false,Arlinda Setterthwait
Crime|Mystery|Thriller,Price LLC,730423897-6,SLG,2022-02-16,14:26,782.5,false,Ermentrude Knoles
Children|Comedy|Fantasy,"Monahan, Rohan and Collins",556444869-3,DXCM,2022-06-16,10:19,336.25,false,Griselda Kaszper
Comedy,Wolf Group,312262590-3,USAK,2021-08-29,17:08,505.32,false,Emelda Fassbender
Comedy|Fantasy|Romance,Morar-Walker,225608204-0,HES^A,2021-09-23,5:54,679.23,false,Terrel Keal
Drama|Romance,Lowe Group,650906785-4,CCMP,2021-08-06,0:01,818.37,true,Dino Franzoli
Documentary,Funk and Sons,766455428-4,BATRK,2021-12-14,9:41,273.89,true,Rourke MacLaughlin
Drama,Konopelski and Sons,157907894-X,CLUB,2021-11-29,7:45,611.78,false,Dolorita Kaysor
Comedy|Drama,O'Connell Group,891761254-7,FSFG,2021-10-22,17:10,183.68,true,Gianina Spancock
Adventure|Comedy|Crime|Mystery,Frami LLC,366050710-5,COST,2021-11-16,6:03,207.46,false,Horatio Corneille
Drama,Hessel-Bashirian,097659262-2,IROQ,2021-09-29,3:19,579.05,false,Wren Breens
Action|Adventure|Fantasy|Sci-Fi,Sawayn-Christiansen,166785294-9,CHRW,2021-12-01,6:51,508.84,true,Demetris Rivel
Comedy,"Osinski, Koelpin and Heathcote",684672547-4,NEWT,2022-03-22,2:10,84.68,true,Henderson Gianettini
Horror,Goldner Group,686410214-9,SBOT,2021-08-07,4:12,763.23,true,Jackelyn Hallewell
Drama,"Paucek, Hermann and Harber",699422914-9,ASIX,2022-03-22,16:35,190.44,false,Eden Louiset
Thriller,"Mante, Dickens and Auer",179277699-3,OOMA,2022-05-29,13:27,628.2,true,Jocko Pallin
Horror,Turcotte and Sons,334632674-8,NEE^H,2021-07-21,0:19,889.3,false,Ludovico Docket
Drama,Bartoletti Group,834373876-4,CSS,2022-03-31,22:13,934.83,false,Barbe Ronci
Comedy|Musical,Stoltenberg and Sons,931109702-0,NOW,2021-08-13,20:05,77.4,true,Marilee Bonavia
Crime|Horror|Mystery,Kshlerin and Sons,026043447-7,TNXP,2021-08-27,15:17,42.09,true,Nanny Yven
Drama|War,"Sauer, Emard and Pfannerstill",490896555-2,HZN,2022-05-10,10:23,320.0,false,Sandra Banaszczyk
Drama,Hoppe-Gorczany,481387693-5,CHH,2022-05-26,11:41,664.1,true,Melissa Jarrad
Comedy|Drama|Romance,Parker-Gaylord,236733393-9,IRWD,2022-02-01,3:25,396.05,false,Hubie Ogelsby
Documentary,Braun LLC,263834772-8,FCBC,2022-01-31,14:17,743.61,false,Lewie Louedey
Drama,Leuschke Group,105136676-3,KMM,2022-05-23,22:01,743.92,false,Joycelin Glazer
Action|Sci-Fi|Thriller|Western,Little-Farrell,346795845-1,MX,2021-08-20,7:54,689.62,true,Nikolas Loukes
Comedy|Drama,Harvey-Rice,331730596-7,RAVE,2022-01-08,10:56,606.54,false,Weylin Shepherd
Children,McGlynn-Conn,633173959-9,AES,2022-02-26,16:46,175.07,true,Emmett Diloway
Action|Thriller,"Schimmel, Boehm and Zulauf",867617491-1,NMR,2021-11-09,17:11,752.71,true,Wade Cardall
Comedy,Powlowski Group,654333262-X,IBKR,2022-02-24,15:14,567.09,false,Mirelle Sollitt
Animation|Children|Comedy,"Von, Durgan and Zboncak",718414375-2,ATW,2022-01-23,23:43,482.99,true,Faydra Yerrell
Action|Adventure|Animation|Children|Fantasy|Sci-Fi,Beer and Sons,808736373-6,GALE,2021-12-13,13:46,590.44,false,Wileen Braunstein
Action|Comedy|Crime,Kerluke and Sons,634747596-0,DX^B,2022-04-23,0:55,99.67,true,Jaine Challender
Comedy|Horror|Romance,Herzog-Hegmann,734291363-4,ATI,2021-12-09,17:00,187.34,true,Cesare Don
Children|Comedy,Buckridge and Sons,384835224-9,AHT^G,2022-02-22,8:21,708.23,true,Caresa McBay
Adventure|Fantasy,"Cronin, Paucek and Upton",826274537-X,FCAU,2022-04-15,20:43,590.27,false,Cross Shillitto
Adventure|Drama|War,Powlowski Group,152530744-4,PME,2021-11-10,21:46,428.43,false,Lorena Westman
Drama|Fantasy|Romance,Von Group,285197951-5,BF.A,2022-02-04,12:52,128.62,false,Marybeth Petrichat
Drama,Leannon Group,900005072-3,KBSF,2021-07-13,1:53,791.81,false,Elyn Donovan
Drama,McGlynn-Effertz,410881571-8,CVO,2021-12-07,4:58,315.5,true,Jacquelynn Blood
Horror,"Bogan, Heller and Kuphal",508804738-X,DRAM,2021-08-18,2:13,627.57,false,Cyndie Savaage
Drama|Mystery|Thriller,Stiedemann-Schaden,452963141-9,FCNCA,2022-03-02,0:39,71.21,true,Aloise Vivyan
Horror|Thriller,Smitham Group,857327809-9,REG,2022-02-15,22:51,54.65,false,Forester Jannaway
Horror,"Howell, Witting and Stiedemann",960057703-X,NAVI,2021-12-04,15:21,643.89,false,Nikolos Mertel
Documentary,"Donnelly, Towne and Cole",457902911-9,CERCW,2022-04-24,10:07,163.11,false,Stillman Ceeley
Horror|Mystery|Thriller,Raynor-Vandervort,216992591-0,BFIT,2022-02-14,2:49,678.55,false,Camille Giannotti
Action|Adventure|Comedy,O'Reilly Group,268119390-7,DWAQ,2022-04-15,10:09,695.81,false,Carroll Chasmer
Drama|Romance,Volkman and Sons,407931128-1,BAC^L,2021-12-09,15:13,266.74,false,Tomlin Hindmoor
Documentary,"Swaniawski, Turner and Farrell",020436052-8,NAN,2022-04-26,17:06,936.22,true,Bord Bartolomieu
Drama,Berge-McLaughlin,531485428-7,CBU,2021-08-28,11:20,843.05,false,Worth Pulford
Drama,Bernhard-Greenholt,841776454-2,WATT,2021-11-22,6:39,785.3,true,Theressa Malyan
Crime,Spinka-Krajcik,960517599-1,MVC,2022-04-15,0:00,637.55,false,Patin Tutchener
Comedy|Drama,Langosh-Legros,794027173-3,BWG,2022-03-20,13:18,381.23,true,Ellen Mullender
Comedy|Horror,Marquardt-Beer,579769974-5,TRNC,2022-01-24,1:28,922.41,true,Derrek Dorsey
Comedy|Drama|Romance,Schmitt and Sons,353260617-8,ANF,2021-11-30,22:59,220.71,true,Bertha McGhie
Documentary,Purdy-Kreiger,906878881-7,LUNA,2022-05-17,1:52,220.32,true,Lauryn Heffron
Horror,Kilback-Torp,949120733-4,FSV,2022-04-26,19:56,507.96,true,Lorry Yarranton
Adventure|Drama|Romance,Grant Group,784528291-X,GOODM,2022-03-21,8:53,381.56,false,Arman Rigg
Drama,Hoeger-Corwin,619114301-X,NTIC,2022-02-23,7:02,931.86,false,Katusha Backes
Action|Adventure|Sci-Fi,Christiansen-Barrows,773904961-1,GDEN,2022-06-29,11:01,69.76,false,Aliza Gwinn
Drama|Romance,Mueller-Wisozk,513466120-0,AROW,2021-07-15,1:28,567.4,true,Courtney Hobble
Mystery|Sci-Fi,Koelpin Inc,810889537-5,DYNT,2021-11-10,11:46,480.5,false,Fina Liptrod
Documentary,Gerhold LLC,790002358-5,HLG,2022-04-04,16:47,208.35,true,Dare Tomaszek
Comedy|Drama,Marquardt-Bruen,975356734-0,JASN,2022-01-05,4:47,993.94,true,Neill Toop
Horror,"Boyer, Dare and Schuppe",562441375-0,ATI,2022-02-27,7:09,802.84,false,Nikolos Leishman
Mystery,Friesen Inc,767168333-7,SEM,2022-03-10,23:49,604.7,true,Xymenes Philipps
Drama|Romance,Kertzmann and Sons,340099842-7,KODK.WS.A,2022-03-20,1:21,382.23,true,Ardyth Becker
Children|Comedy|Drama|Musical,Hauck-Hilll,957024013-X,PNRG,2022-02-26,17:35,218.53,false,Britni Huxley
Action|Drama,Lynch Inc,555657182-1,SNAK,2022-02-11,19:49,70.55,false,Margy Quartley
Comedy|Drama,"Bode, Armstrong and Hilll",187002730-2,CBU,2022-05-28,13:08,850.76,true,Engelbert Graves
Action|Drama,Bergstrom and Sons,785432427-1,BRO,2022-05-27,9:49,455.05,true,Tiffany Matijevic
Comedy|Musical,Dooley-Lynch,577842554-6,ULH,2022-03-14,7:27,434.12,false,Ange Rennels
Crime|Drama,Orn-Rodriguez,291741327-1,IGT,2022-05-21,1:07,142.03,false,Saidee Cheston
Comedy|Drama,,076089395-0,AIN,2022-06-27,8:09,282.11,true,Devina Lux
Comedy|Drama|Romance|War,Mayert Inc,204721382-7,MEET,2022-06-15,12:24,202.89,false,Haleigh Dannohl
Documentary,"Kovacek, Lebsack and Feest",506163131-5,PCSB,2022-05-16,15:25,256.18,true,Goober Ogbourne
Adventure|Children|Fantasy,"Dooley, Bosco and Feil",158846785-6,GJO,2022-01-11,18:45,352.8,true,Bendicty Free
Comedy|Horror,"Mills, Hickle and Rippin",055385812-2,CMCSA,2022-02-25,1:31,853.88,true,Nissie Jezzard
Drama,"Cruickshank, Smith and Brown",504613990-1,PRTK,2021-07-13,18:08,874.08,false,Walther Saffin
Action|Crime,"Tillman, Marquardt and Parker",502207993-3,WHR,2022-02-13,10:07,924.18,false,Kalie Trelease
Drama|Mystery|Thriller,"Huels, Hahn and Reichert",318142211-8,LMBS,2021-07-07,12:52,912.97,true,Gabbie Dann
Crime|Drama,Conroy-Miller,003699669-6,ORCL,2021-10-13,9:45,560.12,true,Baxy Allery
Fantasy|Horror|Mystery|War,Herman LLC,854657609-2,CAMT,2021-08-06,20:21,493.2,true,Elli Vaun
Action|Adventure|Thriller,"Schultz, Flatley and Zulauf",554091613-1,CTDD,2022-04-19,22:00,937.95,false,Guglielmo Spoors
Drama|Romance,Bartell Inc,693561064-8,VSAT,2021-11-01,3:13,16.37,true,Janina Chatelain
Sci-Fi,"Gislason, Gislason and Bernhard",785029738-5,BPTH,2022-03-25,13:30,692.87,true,Edlin Ladson
Drama|Romance,Jones Group,913131410-4,ACRS,2021-08-16,8:50,883.06,true,Lilllie Sextie
Drama,Boehm-McClure,273942901-0,AKAM,2021-12-02,5:34,699.52,false,Addy Binden
Documentary,Runte Group,939718972-7,YUM,2022-05-03,10:15,61.67,false,Marcus Lorait
Comedy|Thriller,West Group,673266844-7,PCQ,2022-06-06,12:34,987.76,false,Graeme Avison
Action|Drama|Sci-Fi|IMAX,Hane Group,195720668-3,VIA,2021-09-18,2:35,868.39,false,Cilka Pellatt
Drama,O'Connell-Lynch,754316365-9,DAX,2021-07-12,21:30,233.52,true,Vita Banford
Comedy|Drama,Kertzmann Group,014867975-7,UNB,2021-07-06,16:21,652.93,true,Biddie Turnor
Drama,Wunsch-Considine,461983906-X,KTP,2021-11-25,22:17,109.51,false,Rhetta Ings
Comedy|Drama,Mraz Group,714310623-2,MMI,2022-05-18,21:32,74.34,true,Marline Spyby
Comedy|Western,Morar-King,344537469-4,CHK^D,2021-11-18,16:26,384.75,true,Ninetta Drewett
Animation|Children|Fantasy,"Block, Herman and Leffler",581657451-5,LLNW,2021-07-03,13:44,868.08,true,Adel Stronach
Thriller,Crist and Sons,366591147-8,ZB^G,2022-07-01,0:58,434.14,false,Faydra Lawtie
Drama|Romance|War,,693003218-2,MINDP,2021-10-11,7:29,351.89,true,Helga Dingivan
Drama,"Ziemann, Davis and Johns",018625192-0,IVTY,2022-05-25,17:28,833.88,true,Marcela Nussen
Comedy|Drama,Hartmann-Walker,051512017-0,TRK,2022-05-14,16:18,100.74,true,Abagail Ebdin
Action|Crime|Thriller,Kohler-Bruen,026867325-X,OFG^A,2021-08-13,20:35,250.03,false,Arch Prestige
Documentary|Drama,Thompson-Lowe,859085570-8,CRIS,2021-08-08,20:58,538.0,false,Fredia Tollmache
Drama,,178563980-3,PPX,2021-07-26,4:38,387.41,true,Zaccaria Weatherby
Drama,Murphy LLC,148098198-2,EDGW,2021-09-23,13:22,334.72,true,Iggy Cudworth
Adventure|Children|Sci-Fi,Larson-Stanton,800112633-1,PINC,2022-02-03,8:46,628.17,true,Brooke Eastup
Drama|Mystery,"Ondricka, Wunsch and Johns",912626664-4,CPRT,2021-08-02,13:33,584.41,true,Roxanne Memory
Comedy,Cormier Inc,657629946-X,AIZ,2021-12-06,7:59,278.93,true,Vanda Sproat
Drama|Romance,Mayert-Bosco,050357562-3,EGL,2022-06-22,16:45,22.32,false,Arthur Edmed
Drama,Kautzer-Padberg,451366051-1,TPL,2022-02-23,7:02,191.85,false,Katie Gorden
Drama|Sci-Fi,Breitenberg-O'Keefe,180820772-6,KEQU,2021-07-05,6:30,977.23,true,Toby Seegar
Documentary,Bradtke Inc,796218232-6,KMI^A,2021-09-22,13:54,852.6,false,Ave Hrishanok
Comedy|Romance,"Wiza, Doyle and Upton",699769051-3,USLB,2021-10-31,6:36,996.34,true,Carey Poley
Comedy,Feeney and Sons,447915914-2,APOP,2021-10-13,14:57,143.45,false,Mark Cracoe
Crime|Horror|Thriller,Fisher Inc,671828086-0,AMBCW,2022-06-23,16:24,169.89,true,Malorie Pregel
Comedy,Fritsch-Bednar,089334167-3,PRN,2021-08-31,10:04,400.06,false,Shem Duffield
Documentary,,306426309-9,NGHCP,2021-07-30,0:00,210.59,true,Carmen Hadcock
Animation|Children|Fantasy|Musical|Romance,Konopelski and Sons,104459900-6,PEB,2021-09-16,12:01,541.44,false,Kristin Fidge
Action|Drama,Predovic-Kris,384235264-6,JASNW,2022-06-06,20:57,983.63,false,Pearce Calcraft
Drama|Romance,Tremblay-Christiansen,066350830-4,RBCN,2021-08-24,16:14,508.81,false,Jodee Romera
Action|Comedy|Horror|Sci-Fi|Thriller,"Mohr, Bailey and Gleason",299823051-2,MAN,2022-03-15,3:28,231.36,false,Stern Greatrex
Crime|Drama|Thriller,Harber LLC,854555261-0,AHL,2022-02-07,5:42,561.67,true,Yolanda Atthow
Drama,King-Lynch,351127711-6,PHIIK,2022-02-18,11:47,387.11,true,Archambault Vankeev
Mystery|Sci-Fi|Thriller,Kling-Green,904178336-9,EEP,2021-10-07,14:07,541.37,false,Dorisa Sillwood
Horror,"Green, Mann and Mertz",773159753-9,EXLS,2021-09-02,17:21,842.04,true,Lexy Ocklin
Drama,,248298498-X,ED,2022-01-30,8:24,615.29,false,Julee Southerill
Crime|Drama,Greenholt Inc,893959408-8,NEE^C,2021-10-11,8:00,132.43,false,Isaiah Pevie
Drama|Romance,"Greenfelder, Block and Reichert",673426504-8,FRPT,2022-04-01,16:04,552.82,true,Shena Rowcliffe
Horror|Mystery|Thriller,"Rogahn, King and McGlynn",257064093-X,ATV,2021-12-22,0:29,103.74,false,Marcus Feast
Drama,Shields Inc,863626815-X,MX,2022-06-25,11:47,712.01,false,Kalila Dobson
Documentary|IMAX,Ondricka-Borer,110143872-X,ARE,2021-08-10,2:46,235.61,false,Garold Gomar
Drama,Wilderman-Quitzon,854271913-1,NWL,2021-10-19,5:46,18.06,false,Margarete Knobell
Romance|Western,Sawayn-Steuber,916062076-5,ESGR,2022-01-28,4:57,721.27,true,Dallis Redsell
Animation,Hartmann-Herman,862491748-4,PNW,2022-05-25,8:41,266.82,false,Gizela Cramphorn
Drama|Romance,Cruickshank-Sipes,220999971-5,PANW,2021-10-31,17:53,451.56,true,Binni Quinlan
Crime|Drama|Thriller,"Hane, Franecki and Quitzon",593010288-0,MBI,2022-06-24,20:25,21.86,true,Alfie Tiffin
Drama,"Larkin, Brakus and Collins",884583979-6,ELS^C,2021-09-21,12:54,641.96,true,Claudian Gookey
Drama|Romance,Haag-Swaniawski,432635079-2,CATB,2022-04-04,15:47,104.09,false,Dawn Sevin
Horror,McGlynn LLC,434079310-8,SKYS,2021-09-13,0:32,276.66,true,Crosby Mateuszczyk
Comedy,Spinka-Lemke,959202090-6,RDN,2022-06-04,8:29,258.07,true,Maurie Tovey
Comedy,Ondricka and Sons,646882478-8,ALLT,2021-12-25,18:02,406.62,false,Christoph Brommage
Drama,Nolan-Wehner,150707251-1,PDEX,2022-04-20,16:58,104.3,true,Tressa Toyne
Drama,"Witting, Douglas and Kerluke",818950858-X,EDIT,2021-08-20,18:21,73.7,false,Claudina Search
Drama|War,Prohaska-Simonis,277001311-4,TISI,2021-09-27,6:23,96.98,false,Ondrea Mars
Drama|War,"Von, Cremin and Turcotte",884569595-6,SNI,2022-01-11,6:43,110.88,true,Claudelle Langer
Comedy,Renner-Stamm,690134956-4,WWE,2021-11-10,5:30,800.52,true,Dion Pellant
Drama|Romance,"Schaefer, Dach and Ortiz",066952337-2,IVR^A,2022-06-04,15:10,176.67,true,Lisette Dunlap
Comedy|Drama|Romance,Kunze Inc,387468914-X,TMUSP,2022-04-04,8:26,488.35,false,Elli Pyford
Comedy|Romance,Ullrich-O'Reilly,657303276-4,NUO,2022-03-06,10:56,616.78,false,Glory Golda
Drama,Paucek and Sons,918133731-0,SYF,2021-07-24,16:23,358.06,false,Andree Fairbank
Comedy|Romance,Gutkowski-Schinner,402007605-7,AAPL,2022-04-12,17:38,216.87,true,Lamond Cleere
Documentary,Hintz Inc,991913065-6,BGR,2021-08-05,22:44,223.68,true,Gianna Argue
Western,Bogan Inc,388608883-9,CPSS,2021-10-14,20:07,385.15,false,Mahmoud Edkins
Adventure|Drama|Sci-Fi,"Kirlin, MacGyver and Nitzsche",424210656-4,CLNT,2021-10-05,22:19,746.55,false,Miof mela Amburgy
Drama,Greenholt and Sons,242299772-4,HCI,2022-01-22,21:00,577.79,false,Pryce Learmonth
Documentary,Ortiz and Sons,744383935-9,APPN,2021-07-17,2:40,868.62,true,Gilburt Mattiuzzi
Drama,"Ondricka, Sipes and Lind",915831993-X,GDL,2021-11-11,10:51,784.25,true,Guillaume Baysting
Comedy|Mystery,Hudson-Harris,875273258-4,PJH,2022-01-17,4:40,529.22,true,Kalindi Starmer
Drama|War,"Adams, Cartwright and Nienow",651824354-6,CVGI,2022-04-13,7:04,178.66,false,Judi Truscott
Comedy,"Hahn, Johnson and Hudson",024765997-5,MBFIP,2021-10-27,23:08,359.14,false,Sabina Robinson
Comedy|Romance,,093142052-0,ARC,2022-06-08,15:55,79.38,true,Lissi Dellow
Drama|Musical|Romance,"Kuhic, Orn and Mann",612453480-0,FMK,2021-08-25,12:16,205.34,true,Ellsworth Karsh
Horror,,030132514-6,SBH,2022-04-09,1:53,788.13,true,Iorgo Sargant
Drama|Musical|Romance,Wolff-Stracke,732216408-3,GALE,2021-11-01,16:40,63.94,true,Ingamar Sink
Horror,Daugherty and Sons,508910042-X,DY,2022-05-08,14:25,697.49,true,Gun Mathy
Drama,Bogan Group,285573989-6,MNST,2022-05-11,23:18,952.43,false,Flynn Stuck
Drama|Horror|Romance,Kris-Larkin,340641823-6,STBZ,2021-11-18,16:14,818.5,true,Koral Glentworth
Drama,"Walsh, Schmidt and Cassin",903697465-8,UTI,2021-12-26,20:33,589.27,true,Brock Rumford
Action|Adventure|Crime|Romance|Western,"Ledner, Breitenberg and Rath",873831455-X,CYCC,2021-07-25,17:51,216.83,false,Ginelle Camm
Drama,Ferry-Littel,630036494-1,D,2022-02-04,18:24,202.54,false,Sauveur Dafydd
(no genres listed),,274055161-4,MANH,2022-04-09,15:41,649.17,true,Leodora Smallpiece
Comedy|Drama,Rolfson LLC,324252916-2,BNDX,2022-04-03,5:15,455.95,false,Lilli Dowdell
Drama|Thriller,Harris and Sons,332578108-X,WSM,2021-08-03,10:38,357.93,false,Shay Choudhury
Drama|Mystery|Thriller,,215283738-X,IBB,2021-12-11,7:56,86.74,true,Arlee Dargie
Drama|Mystery,Boehm-Satterfield,568374036-3,IMNP          ,2021-08-01,15:27,850.34,false,Thaxter Bischof
Crime|Drama,Roob-Thiel,377266683-3,JPM^E,2021-09-30,8:09,955.03,true,Mic Tutton
Horror,Farrell LLC,349362152-3,WILC,2022-01-12,17:26,374.9,true,Cinderella Scrogges
Sci-Fi,Rodriguez LLC,371015898-2,KO,2022-05-26,20:03,516.67,false,Debor Dakers
Documentary,Lowe-Gorczany,970050847-1,FCFS,2021-08-13,18:49,219.04,false,Corby Heinzel
Action|Drama|Sci-Fi,Towne LLC,248428179-X,CAKE,2022-05-15,22:06,606.88,false,Daisy Horbart
Drama,Strosin-Okuneva,995185149-5,CRME,2022-04-26,23:38,561.01,false,Tiff Roll
Drama|Thriller,Hahn-Cartwright,677884308-X,FSB,2022-06-06,18:19,21.15,true,Normand Maneylaws
Crime|Drama|Thriller,Hyatt-Kling,470791151-X,GPIAW,2021-10-18,4:40,409.11,true,Eachelle Filon
(no genres listed),Dietrich Inc,808430464-X,MAIN,2022-05-30,6:59,151.29,false,Dore Stubbe
Documentary,Hane-Dooley,993716331-5,CNAT,2021-09-30,3:19,543.9,false,Vaughn Moxsom
Crime|Drama|Thriller,Kirlin LLC,938238531-2,ETSY,2022-05-27,10:34,61.6,false,Cullie Zwicker
(no genres listed),Kuhn-Kulas,779353679-7,MHLD,2021-10-31,18:27,168.48,true,Ferdinande Markson
Drama,Ebert-Simonis,697353360-4,PTH,2022-05-18,22:25,333.23,false,Dinny Rubery
Documentary,Fay-Lindgren,025845961-1,PTEN,2022-04-20,12:39,713.1,true,Therine Cham
Animation|Children,"Brakus, Runte and Bartoletti",588710511-9,BNTCW,2021-08-18,1:03,91.4,true,Mace Gittose
Comedy,Hamill-Kemmer,512732034-7,MON,2022-03-16,3:25,886.2,true,Gib Dran
Comedy|Drama|Romance,Mayer-O'Hara,890463195-5,LAUR,2021-09-27,12:36,668.64,true,Woodman Thow
Drama,"Senger, Kunze and Schmeler",189893289-1,CTRE,2022-03-25,11:57,840.85,true,Arnie Domingues
Drama|War,Ward-Emmerich,025814363-0,NOAH,2022-01-14,3:15,989.01,true,Rebecca Agronski
Sci-Fi,Moen LLC,532857094-4,RFDI,2021-12-31,21:51,853.08,true,Wakefield Barrat
Drama,Crona and Sons,064162440-9,SCWX,2021-09-28,16:29,598.03,true,Gertrude Sellack
Animation|Children,Dicki and Sons,680092013-4,NMRX,2021-11-08,13:59,567.39,true,Katya Wrack
Comedy,Smith LLC,187694956-2,AFAM,2022-04-28,15:20,34.94,true,Andrew Sinfield
Action|Adventure|Drama|Thriller,Wolf-Robel,083041777-X,BAC,2021-12-09,20:44,582.33,true,Chandler Essam
Drama,Smitham-Steuber,147183309-7,VBIV,2021-10-19,23:56,42.42,true,Arlyn Trimbey
(no genres listed),Koss-Konopelski,193176117-5,ASFI,2022-02-08,14:01,67.84,false,Aili Goodrich
Documentary,"Ernser, Mante and Cartwright",182581271-3,INST,2021-08-23,6:59,93.82,true,Kynthia Budgey
Drama,Bechtelar LLC,599848584-X,NKTR,2021-11-02,22:40,833.87,false,Germayne Barnaclough
Comedy,"Monahan, Runolfsson and Hoeger",583546799-0,EPR^C,2022-02-26,14:30,404.68,false,Robbin Hatchette
Drama|Romance,"McLaughlin, Medhurst and Rempel",903860979-5,OSG,2022-02-21,10:24,364.81,false,Horace Frantzen
Drama,Reynolds-Dietrich,963329700-1,LSI,2022-01-04,5:58,296.45,true,Kenna Mumford
Comedy,"Kuphal, Hills and Carroll",762928260-5,CVEO,2022-04-19,5:26,501.91,true,Anna-diana Palay
Comedy|Drama|Romance,Bogisich-Reichert,334564406-1,JMT,2021-09-29,11:16,115.09,true,Terri Bonifas
Drama,Gutmann-Feil,524006727-9,BNS,2021-08-06,14:32,542.23,true,Easter Towns
Animation|Drama|Romance,"Gulgowski, Kiehn and O'Hara",965472270-4,KYE,2022-03-12,16:37,937.41,false,Gibbie Everley
Crime|Drama,"Johnston, Terry and Gerhold",767718173-2,EPR^F,2022-01-05,23:38,155.86,false,Conrade Yeats
Comedy|Horror|Mystery|Sci-Fi,Lynch-Langosh,074162000-6,AT,2021-10-04,14:46,468.51,true,Brittaney Scarce
Action|Adventure|Comedy|Drama|Romance|War,Casper-Romaguera,709308456-7,KBR,2022-02-21,10:21,448.69,true,Andreana Isakovitch
Comedy|Romance,"Abernathy, Cruickshank and Larson",404623173-4,NMS,2021-12-12,13:54,709.11,false,Maggi Danihelka
Comedy,"Mann, Smitham and Lindgren",325449980-8,PNBK,2021-12-15,17:55,383.88,false,Hasheem Goldingay
Comedy,Sporer-Ferry,250387793-1,PGR,2022-05-06,23:23,523.17,false,Janey Espinosa
Crime|Mystery|Thriller,Block LLC,352387309-6,MMDM,2022-04-12,18:59,365.26,true,Haywood Cescon
Drama,Barrows and Sons,988938517-1,SLRC,2022-01-06,2:06,797.21,false,Worden Moulton
Horror,"Johnson, Cole and Wiegand",232681527-0,EPR^C,2021-09-29,14:09,814.1,true,Egan Brockbank
Drama|War,Hyatt Inc,468945424-8,AHL,2021-11-17,15:42,203.63,false,Jyoti Quemby
Drama,Mayer Group,545735210-2,ZBK,2022-03-23,16:48,602.29,true,Arnold Leavesley
Drama,"Howe, Terry and Rolfson",750120561-2,NRG,2022-06-17,16:28,929.83,false,Hymie Geere
Comedy|Horror|Sci-Fi|Thriller,Jast Inc,063077713-6,AEL,2021-12-08,2:01,799.11,false,Jaquenette Thomtson
Documentary,"Rice, Rohan and Dickens",717265062-X,WAGE,2022-06-23,3:19,410.28,false,Edeline Ferronel
Comedy|Romance,Medhurst and Sons,410229494-5,SXE,2022-06-12,22:39,907.06,false,Othilia Beade
Comedy|Drama|Romance,"Breitenberg, McGlynn and Hauck",255666989-6,TBPH,2022-06-06,11:38,645.9,false,Kippy Lardnar
Comedy,Kerluke-Hamill,141780440-8,XTLB,2021-12-06,10:38,418.91,true,Corty Stockton
Drama,Orn and Sons,094007195-9,MBUU,2022-01-25,13:43,561.93,false,Anabal McManamen
Documentary,Jast-Jast,639223846-8,CFX,2022-04-25,15:04,387.96,false,Elbert Championnet
Drama,Hackett-Goldner,941600107-4,BBK,2022-04-26,20:15,840.97,true,Kalvin Dale
Drama|Romance,Hickle-Jacobson,241707589-X,NSEC,2021-07-23,9:15,799.8,false,Claudie Fugere
Action|Adventure|Sci-Fi|Thriller,Conroy Group,679922361-7,SENEB,2021-09-14,3:28,824.36,true,Aurelie Sturch
Action|Adventure,"Abshire, Kling and Bechtelar",357843438-8,PNRA,2021-11-09,21:06,704.76,true,Ketti South
Drama,"Willms, Yost and Shields",381737144-6,BMLP,2021-12-05,21:32,275.9,false,Aldo Elvey
Children|Comedy|Romance,Funk LLC,549871001-1,IBOC,2022-03-31,12:22,441.16,true,Rafaelita Bonas
Crime|Drama|Romance|Thriller,Beahan Inc,325378098-8,FENG,2021-08-05,18:21,848.8,false,Melania Stowers
Comedy,Luettgen LLC,753073380-X,ULTA,2022-03-02,21:48,810.07,false,Dario Roalfe
Comedy|Drama,"Hermiston, Cartwright and Leuschke",679047586-9,GRX,2022-05-18,2:32,663.85,false,Ania Bowles
Drama,"Schaefer, Harris and McCullough",369379310-7,SELB,2022-03-12,4:17,360.25,true,Luciano Toth
Crime|Drama|Romance,Sawayn Group,625671270-6,PSA^X,2021-07-17,18:26,603.17,true,Farrel Benton
Drama|Horror|Thriller,Moore-Hermiston,875904962-6,IPKW,2022-04-24,11:29,648.52,false,Abbey O'Flynn
Comedy|Drama,"VonRueden, West and Kuhn",569054350-0,ARDX,2022-06-07,8:15,214.81,true,Glad Suffe
Comedy|Drama|Romance,"Shanahan, Howe and Von",454793814-8,GLPG,2022-04-21,15:45,211.42,true,Blinnie Pascoe
Drama,Goldner and Sons,485055366-4,DLTH,2022-03-03,19:17,75.99,false,Evvie Dundon
Drama|Horror|Thriller,Wintheiser-Lemke,831429539-6,ARCB,2022-06-08,21:24,144.91,true,Donna Hammerich
Adventure|Comedy|Crime|Drama,"Gleason, Wisoky and Rowe",228204323-5,FDUS,2021-07-12,16:49,470.03,true,Peg Tullis
Drama,"Bernier, Smitham and Rosenbaum",758589662-X,NEWM,2021-10-31,13:57,744.72,true,Giselbert Ellesworthe
Drama,Turcotte-Ryan,286446340-7,ROSEU,2022-03-06,23:10,652.49,true,Sybyl Anstey
Documentary,Willms-Dicki,971350357-0,BIF,2021-11-12,19:21,406.47,false,Westley Baptist
Action|Adventure|War,"Blick, Schulist and Hackett",790175641-1,FTHI,2022-06-23,7:20,539.13,true,Mace Longstaffe
Drama|War,Marvin and Sons,993377335-6,PPHMP,2021-08-18,20:48,620.26,true,Marrissa Nesbeth
Action|Thriller,"Bernier, Carter and Breitenberg",002760251-6,LXP,2022-03-21,17:41,591.61,true,Clifford Becke
Drama,Hoppe Inc,723246620-X,GLA,2021-11-05,0:27,719.31,true,Wolfie Thorowgood
Documentary,Cartwright-Abernathy,925084590-1,NEE^H,2021-09-16,1:15,199.07,false,Benita Waller
Action|Adventure|Comedy,Jaskolski LLC,010484699-2,STE,2022-02-01,2:32,713.95,false,Kenny Lias
Action|Animation,"Zemlak, Effertz and Steuber",934345963-7,PNQI,2021-08-08,6:01,544.86,true,Louis Kittle
Action|Western,"Hickle, Ratke and Ledner",314165543-X,MX,2022-03-06,14:49,608.23,false,Buddie Dangl
Drama,Mayert-Conn,627855260-4,WSO,2021-07-30,10:07,131.56,true,Gawain Nettleship
Comedy,"Lakin, Lind and Kunze",533229887-0,FDC,2021-09-24,6:27,842.5,false,Louella Pratchett
Comedy|Drama|Musical|IMAX,Schmitt-Lind,067440224-3,MULE,2022-02-09,12:53,206.48,false,Leigh Praten
Comedy,Yundt Group,546940609-1,NCR,2021-09-08,0:55,631.21,false,Ave July
Drama|Romance,"Marvin, Russel and Pouros",290131982-3,MTB.WS,2021-12-09,7:44,293.11,false,Joey Dablin
Documentary,Weissnat-Monahan,639529394-X,UHAL,2021-07-23,0:47,326.65,false,Maryjo Leyton
Comedy|Drama|Romance,"Nicolas, McCullough and Buckridge",606702676-7,CCJ,2021-12-22,11:02,259.66,false,Sophronia Hatherall
Drama,,137107569-7,JHG,2021-08-09,13:18,683.88,false,Karalynn Wonfar
Action|Drama,Vandervort-Willms,188858339-8,EGN,2022-07-01,3:26,845.85,true,Ramsey Cinnamond
Action|Drama,Hermiston-Cummerata,730172233-8,FCFP,2021-08-14,13:28,628.09,true,Trstram ducarme
Drama,Koch-Fay,050741946-4,TTP,2021-07-23,18:11,413.78,false,Stace Caudwell
Comedy,"Buckridge, Crist and Powlowski",050211298-0,WHG,2021-10-14,5:04,493.18,true,Valaree Chessel
Drama|Western,Satterfield-Bartoletti,119631586-8,ICL,2021-08-15,2:02,200.17,true,Norbert Grebner
Animation|Drama,"Homenick, Carter and Mante",492316337-2,NOM,2021-11-21,5:12,124.68,true,Zachery Hatwells
Action|Drama,"White, Gerhold and Herzog",219957995-6,ORIT,2021-07-09,7:20,391.49,true,Anastasie Brombell
Action|Drama,"Maggio, Hayes and Christiansen",661810758-X,CVLT,2022-07-01,1:24,293.0,true,Stace Meller
Drama,Hartmann Group,365621430-1,USPH,2022-06-28,19:39,799.67,true,Leisha Stoade
Drama,Oberbrunner and Sons,930529301-8,V,2022-02-22,19:44,52.92,true,Philis Conrart
Comedy|Romance,Kutch Inc,081488964-6,SRDX,2021-10-24,23:57,724.19,true,Francesco Pollie
Comedy|Drama,Ankunding Group,737330260-2,OIS,2022-06-16,17:34,881.1,true,Bay Traice
Comedy|Romance,"Rodriguez, Kovacek and Corwin",391800535-6,FBMS,2021-10-05,13:42,625.53,true,Ardra Gunson
Comedy,"Abernathy, Zboncak and Carroll",004092909-4,PSAU,2021-07-09,11:02,95.19,false,Ernesta Ashton
Drama|War,"Becker, Block and Cassin",677308471-7,DDF,2021-07-19,22:43,637.28,true,Velma Delhanty
Drama,Hilpert-Luettgen,712602795-8,RMD,2022-04-05,10:15,138.61,false,Sharleen Hibling
Drama,,940549409-0,TVIA,2021-10-16,15:36,802.22,true,Bale Jeratt
Comedy|Romance,Smitham-Becker,633711835-9,AF,2022-02-15,20:06,94.27,false,Lory De Vaar
Crime|Drama|Horror|Mystery|Thriller,"Batz, Gusikowski and Ondricka",116538452-3,FOX,2021-10-27,8:53,362.36,true,Iago Tee
Drama,Gislason LLC,525570977-8,TGEN,2022-03-20,19:00,36.76,false,Jarrad Hindhaugh
Adventure|Western,Klocko-Raynor,953115623-9,VTTI,2022-06-06,18:36,258.79,true,Sebastien Duggleby
Comedy,Rowe-Reynolds,267829455-2,PKE,2021-12-21,5:34,578.18,true,Larine Bunyard
Action|Adventure|Drama,Vandervort LLC,242922263-9,MSD,2021-07-17,5:12,437.13,false,Yulma Jouanny
Drama|Thriller,Emmerich-Langworth,846060657-0,TLRD,2021-12-20,10:42,40.83,false,Banky Adamini
Horror|Mystery|Thriller,Rath-Reichel,866055627-5,DD,2022-03-14,9:10,291.7,true,Davidde Puddan
Western,Schultz-Metz,803103167-3,GNE,2021-12-14,9:24,81.15,true,Pierre Creech
Drama,"Hamill, Walsh and Waelchi",205890633-0,VBND,2021-11-30,19:37,427.02,false,Cassius Berends
Documentary,"Goyette, Erdman and Berge",390836764-6,SRI,2022-06-04,15:40,163.08,false,Mireille MacAloren
Drama,Swift and Sons,202345831-5,PRAH,2022-01-09,21:34,79.01,true,Kelli Fancutt
Comedy,Metz LLC,211683531-3,VRX,2022-06-16,15:43,955.38,true,Sophi Lockyer
Drama,Gutkowski Inc,284481008-X,PTCT,2022-05-03,1:13,476.31,true,Gay Gascard
Drama,"Kilback, Skiles and Hudson",500748754-6,FBK,2021-12-13,14:49,129.48,true,Taffy Coulthurst
Drama,Becker-Koch,689343995-4,MELR,2022-05-11,4:17,784.36,true,Domini Figures
Action|Drama,Crona Inc,053169489-5,OLED,2022-06-14,20:18,337.77,false,Raff Annandale
Comedy,"Leuschke, Sauer and Dickinson",631997628-4,TANH,2022-02-17,22:45,171.46,false,Suzanna Sleath
Comedy,Gibson Inc,630712509-8,CYCC,2022-01-30,10:03,463.13,true,Vida Silversmid
Comedy|Drama|Fantasy|Romance,Legros Inc,922644129-4,WETF,2021-10-15,2:38,339.61,true,Humfrid McMinn
Comedy|Horror,Blick Group,894984675-6,CLACU,2022-04-07,23:10,13.4,true,Kathleen Wincom
Drama|Romance,Kemmer-Wilderman,712060005-2,VTVT,2022-01-02,2:18,126.92,false,Flo Eberle
Drama|Musical,,604587354-8,JMBA,2021-09-01,4:40,857.79,false,Jillene Grigori
Comedy,"McClure, Frami and Schoen",811020863-0,TSQ,2022-03-23,17:44,534.55,false,Jeanelle Thomasson
Drama,Weimann-Graham,660153984-8,TRNO^A.CL,2021-10-04,11:11,506.47,false,Elie Cabane
Comedy,"Kihn, Lakin and Rosenbaum",553059901-X,TRU,2022-02-14,8:29,482.63,true,Iorgo Yushin
Drama|Thriller,"Bernier, O'Kon and Kunze",136463200-4,GCV,2022-03-03,10:20,592.26,false,Cybil Leving
Drama,Cummerata-Legros,649512104-0,TCF^C,2022-04-16,5:20,463.54,true,Marco Burkert
Comedy|Drama,Schamberger LLC,924643126-X,CNK,2022-05-28,14:11,374.45,false,Alaric Garoghan
Adventure|Fantasy|Romance,,364386016-1,TCON,2022-05-19,0:29,846.32,true,Delmar Chess
Comedy,Nitzsche-Gerhold,104445548-9,GALE,2021-11-30,18:19,486.66,true,Arty Scurman
Action|Comedy|Crime,"Jaskolski, McGlynn and Kshlerin",772088917-7,LMT,2022-02-20,21:27,369.7,false,Serena Capelen
Comedy,Wilderman-Buckridge,336573543-7,CCS,2021-12-22,4:15,388.69,false,Edy Heading
Action|Comedy|Drama|Romance,Steuber and Sons,278938067-8,GNE^A,2022-03-11,4:51,579.61,false,Nollie Hixley
Drama,Zemlak-Glover,840110775-X,YPF,2021-10-11,13:54,996.7,false,Neddie Gogerty
Crime|Drama|Fantasy,"Schamberger, Auer and Stehr",787288646-4,BAC^W,2021-09-12,17:11,787.17,true,Erny Cheeke
Horror,Dibbert-Konopelski,757078252-6,CZR,2022-05-07,4:15,397.2,false,Stormie Pfaffe
Action|Crime|Thriller,Smitham Group,176809349-0,ARKR,2021-09-14,1:36,664.97,false,Batholomew Langcaster
Drama,Shanahan LLC,370259941-X,MBI,2022-06-22,8:43,553.97,false,Barnie Schaben
Horror,Towne-Hirthe,441107804-X,THQ,2022-01-28,1:54,486.62,true,Hedda Andrag
Drama|War,Thiel and Sons,905874346-2,DD,2022-03-17,23:10,168.1,false,Karoline Fanton
Drama,"Morissette, Hodkiewicz and Lakin",374236582-7,ARU.CL,2021-11-03,21:57,789.87,true,Garrot Hairs
Animation|Children|Comedy|Fantasy|Sci-Fi,Cronin-Pagac,536264959-0,TLF,2021-12-28,2:01,223.04,false,Elwood Causley
Crime|Drama|Romance,King Inc,294882705-1,SMBC,2022-04-11,2:20,114.07,false,Nil Towne
Romance,Reichel-Gottlieb,210246193-9,C^K,2021-12-09,22:14,530.58,true,Eberto Finnigan
Documentary|War,Berge-Armstrong,566003828-X,NBIX,2021-07-13,3:47,198.54,true,Andee Mancer
Drama|Romance,Bernier and Sons,896960455-3,WFC^L,2021-10-28,2:02,25.01,false,Aubrey Davydzenko
Comedy|Sci-Fi,"Nolan, Ullrich and Crona",133425545-8,DSPG,2021-11-01,17:04,185.54,false,Kati Klaus
Action|Fantasy|Horror,Stroman Group,783529615-2,DXLG,2021-11-05,6:33,430.37,true,Carmon Goranov
Comedy|Drama,Jast-Hackett,655476882-3,TK,2021-10-05,3:23,122.82,true,Emylee Pipkin
Drama|Romance,Gutmann-Flatley,913612330-7,EMMS,2022-04-07,1:30,310.86,false,Morris Hodcroft
Drama|War,Langosh-Beatty,608539901-4,HWKN,2022-01-22,15:02,897.85,true,Frans Axe
Crime|Drama|Mystery,Mraz-Pfeffer,814008467-0,LMIA,2022-05-21,11:52,201.23,false,Selie Catton
Documentary,Gleason LLC,512385690-0,BCO,2022-06-17,22:41,190.95,false,Darin Filppetti
Crime|Documentary|Mystery,Gutkowski LLC,288128472-8,SNFCA,2022-04-12,15:09,442.77,true,Karia Woollin
(no genres listed),Mosciski-Leannon,175689548-1,MSEX,2022-04-05,14:39,203.99,true,Jerad Tisun
Documentary,"Dach, Durgan and Weissnat",573430862-5,VNO^L,2021-12-30,11:24,860.64,true,Adora Chace
Crime|Drama|Mystery,Treutel LLC,180453685-7,ARC,2021-11-08,20:23,619.74,true,Julietta Lapthorn
Drama,"Jones, Padberg and Raynor",559283801-8,JXSB,2022-05-07,23:12,452.88,true,Shayla Langran
Comedy,"Balistreri, Stoltenberg and Blanda",430381782-1,HWKN,2021-12-10,7:03,96.2,true,Bent Cuel
Drama|Romance,"Sporer, Kutch and Metz",245442460-6,MB,2022-04-13,19:44,184.12,true,Carlina Astbery
Comedy|Fantasy|Mystery,Cummerata LLC,182135473-7,KNX,2022-06-27,18:06,37.62,false,Theodosia Woodford
(no genres listed),Dickens-Hartmann,706318149-1,CTWS,2022-04-25,10:52,544.24,false,Shir Grane
Drama,"Green, Kshlerin and Larkin",683113273-1,ATKR,2022-06-10,22:50,846.28,true,Bambie Westmerland
Animation|Drama|War,"Monahan, Zboncak and Tillman",874003264-7,GAB,2022-04-28,7:30,451.07,false,Trula Duckinfield
Animation,Rogahn LLC,284958130-5,TRV,2021-09-14,4:16,165.41,false,Trey Abrahamowitcz
Adventure|Fantasy,Lockman Group,968396692-6,SPLS,2022-05-12,7:15,247.64,true,Trixi Lively
Drama|Romance,"Beier, Leuschke and Stiedemann",875539928-2,EMR,2021-11-21,17:30,275.55,true,Esma Crevy
Drama|Romance,Kunde-Cremin,489593529-9,MMI,2021-11-10,17:57,719.9,true,Otha Giottini
Adventure|Animation|Children|Comedy|Drama|Fantasy|Musical|Romance,Runolfsson and Sons,535389677-7,JBSS,2021-08-30,0:44,64.77,true,Tabbatha Guilayn
Sci-Fi,Fritsch and Sons,935668097-3,RELL,2022-03-30,5:49,701.93,true,Christabel Greendale
Action|Children,Cummings Inc,568136810-6,BTO,2021-10-06,12:56,100.27,true,Kirbee Wringe
Comedy|Drama|Romance,Bode-Luettgen,018739910-7,CBIO,2021-12-19,17:11,190.62,true,Prudi Dewitt
Comedy,Franecki-Miller,049321750-9,NDRAW,2021-08-18,4:37,141.12,true,Jodi McGurgan
Drama|Romance,Mitchell LLC,982625197-6,PPP,2022-03-22,7:05,778.81,false,Cherri Gruszecki
Comedy,Collier and Sons,793228483-X,BAC^Y,2022-01-16,11:19,920.04,false,Dallas Lukasik
Comedy,King LLC,075861763-1,WFC^T,2021-09-11,16:36,112.75,true,Johnnie Jervois
Action|Crime|Drama,Daugherty-Moore,502578174-4,XONE,2022-06-22,18:01,340.13,false,Brennan Gammade
Comedy|Western,"White, Nikolaus and Graham",074338761-9,STAF,2021-12-01,16:16,232.21,false,Maurine Jillions
Comedy,Lebsack-Parker,396452528-6,CBF,2021-09-01,9:39,859.14,true,Jarrid Warlock
Comedy,Wilderman Inc,240567607-9,SKX,2021-11-20,0:32,687.67,true,Vitoria Skegg
Action|Drama|Thriller,Koss and Sons,326420710-9,AQN,2022-02-09,12:59,546.19,false,Marie-ann Ayre
Documentary,Runte-Cummings,204655037-4,BIT,2021-11-08,11:16,412.09,false,Anatola Elmhirst
Drama|Western,Gibson-Morar,057353141-2,AEP,2021-12-12,13:11,658.41,true,Waneta Mennell
Action,Kutch-Strosin,770439224-7,DS^D,2021-12-08,6:16,538.97,true,Griffie MacClay
Action|Comedy|Crime|Drama,Morar-Mertz,998053736-1,RENX,2021-11-02,20:49,832.94,false,Bartel Bernlin
Comedy|Crime,Hyatt-Becker,511912650-2,CUBI^D,2021-09-09,1:39,502.26,true,Kaja Jerke
Crime|Drama|Thriller,Crona-Doyle,175050660-2,XBIO,2021-12-02,1:12,868.84,true,Alayne Downing
Comedy|Mystery,"Quitzon, Kuvalis and Steuber",919610615-8,BLVD,2021-12-06,20:31,556.46,true,Lia O'Kane
Drama,"Hodkiewicz, Lynch and Yundt",183162110-X,CDTI,2021-08-23,11:47,560.15,true,Ransell Scottesmoor
Comedy,Dare Inc,354736495-7,AFC,2022-05-20,2:16,579.95,false,Wilbur Cotherill
Thriller,Mante-Abernathy,483424689-2,HPQ,2022-03-06,23:04,184.93,true,Phedra Leades
Comedy|Drama|Romance,Wisozk-Altenwerth,431287874-9,ESES,2021-10-23,7:36,543.52,false,Hervey Costerd
Drama|Romance,"Wisoky, Littel and Abernathy",827232020-7,DLNG^A,2021-12-27,16:24,862.8,true,Laney Sugden
Drama|Sci-Fi,Sporer-Greenfelder,551498325-0,CIGI,2021-11-03,21:58,274.83,false,Kaine Velten
Comedy|Drama,"Anderson, Willms and Nienow",456122832-2,CERU,2022-06-18,23:58,508.1,true,Tania Rickertsen
Adventure,Purdy and Sons,417225270-2,FNSR,2021-09-14,2:18,957.48,true,Lura Grishenkov
Comedy|Sci-Fi,"Gislason, Stoltenberg and Homenick",436502342-X,DMB,2021-08-09,2:57,531.01,true,Putnam Jeffcoat
Comedy|Horror,Harvey-Heller,958643494-X,TDIV,2021-07-19,18:01,607.75,false,Knox Clorley
Thriller,Ernser-Lubowitz,461710458-5,LZB,2021-07-11,5:14,814.6,true,Alphonse Wooddisse
Crime|Drama|Horror|Mystery|Thriller,"Kertzmann, Swift and Rohan",590177427-2,DBL,2022-03-01,19:40,139.49,true,Cacilie Pellew
Comedy|Drama,,352210803-5,TNH,2022-05-02,3:02,835.26,true,Claudetta Coaker
Comedy|Romance,Altenwerth-Rempel,081740397-3,FGEN,2022-02-11,7:53,312.09,true,Ethelin Petti
Drama,"Denesik, Schmeler and Block",028119635-4,DCP,2021-12-12,8:02,199.86,false,Nina Reiglar
Comedy|Drama|Romance,Schmeler-Moore,952762552-1,PRI,2021-10-09,11:19,817.65,true,Ellery Martinet
Drama,Pagac-Reynolds,328764712-1,OR,2022-05-13,0:25,647.82,true,Georgeanne Blonden
Documentary,,805796484-7,WDR,2021-08-29,7:29,527.74,true,Flory Dabell
Drama,Schuster and Sons,156156424-9,ZTO,2021-08-23,6:10,37.12,false,Bing Rowet
Drama,"VonRueden, Schoen and Block",419529463-0,CORT,2022-01-02,22:11,700.55,false,Danny Laurence
Action|Drama|Thriller,"Spencer, Mante and Murphy",101114055-1,PVAC,2021-10-14,23:39,966.35,false,Bettye Benger
Adventure|Animation|Comedy,Bruen-Ullrich,029383747-3,CFX,2021-09-23,19:02,680.71,true,Booth Robard
Drama,"Schmitt, Littel and Herman",609162747-3,LVS,2022-01-02,16:41,538.9,true,Sheree Yeabsley
Action|Crime|Drama,"Legros, Gleichner and Zulauf",385045167-4,TBBK,2022-03-11,19:05,776.45,true,Ennis Santon
Action|Adventure|Fantasy|Horror,Simonis-Kuvalis,154689836-0,APPF,2022-04-08,1:05,829.88,false,Thacher Dahmke
Drama,"Wiegand, Nienow and Mayert",498072513-9,EXR,2022-06-09,22:51,611.6,true,Griselda Robardet
Action|Adventure|Fantasy,O'Reilly and Sons,231082511-5,SRPT,2022-03-15,11:25,139.51,false,Noami Raithby
Drama|Thriller,Klein-Quitzon,676394495-0,INFO,2022-06-18,3:20,724.51,false,Galvin Powder
Drama,Rippin and Sons,073807787-9,HVBC,2021-08-09,15:39,339.67,true,Kirsti Loy
Comedy|Mystery,"Lockman, Reinger and Feil",526071360-5,ZBIO,2022-02-11,21:05,488.44,false,Venus Hanselman
Horror,Moen-Spencer,693799606-3,CIVI,2022-04-18,12:42,926.43,true,Fredek Mangon
Drama|Romance,,107459837-7,IVZ,2022-01-27,5:44,599.22,false,Alden Pauwel
Drama,Lebsack-Green,296911614-6,C,2022-02-21,20:22,583.73,false,Etienne Kuhne
Drama,Yundt Inc,447614255-9,FRAC,2022-03-18,9:26,496.32,true,Bent Geane
Crime|Horror|Mystery,Marvin-Ullrich,469824012-3,AINV,2022-06-27,1:57,750.63,false,Giana Kopp
Drama,"Abbott, Halvorson and Stokes",826455601-9,HA,2022-06-17,6:22,938.2,false,Odessa Grane
Crime|Thriller,"Hermiston, Fisher and Hamill",890031539-0,FDS,2021-11-26,2:57,197.39,true,Evangelina Josowitz
Drama|Musical|Romance,Nolan Group,959994637-5,LYB,2022-05-16,12:19,186.56,true,Rusty Wheatcroft
Adventure|Children|Comedy|Fantasy,Miller LLC,875041019-9,RJF,2021-07-29,15:24,891.94,false,Kerby Coventon
Adventure|Animation|Drama,Cole Inc,713611529-9,BLVDU,2022-01-20,11:18,275.14,true,Sax Laycock
Animation|Comedy,Bartoletti Inc,719337498-2,FTXD,2021-12-02,1:24,202.67,true,Bary Shury
Documentary,Abshire and Sons,527203707-3,TDC,2021-12-07,19:45,780.55,false,Micheal Isac
Adventure|Drama,Wyman-Weimann,636074899-1,HDSN,2022-01-12,14:58,512.86,false,Delora Warder
